<?xml version="1.0"?>
<BtchCntl>
  <BtchHdr>
    <CustId>HOOSIER</CustId>
    <ProjId>NB</ProjId>
    <ScanBtchId>GRNB2017051600002</ScanBtchId>
    <SubmissionBtchId>GRNB2017051600002</SubmissionBtchId>
    <BtchScanType>FRESH</BtchScanType>
    <NumDocs>4</NumDocs>
    <NumBill>4</NumBill>
    <NumImgs>16</NumImgs>
    <TurnAround>24</TurnAround>
    <ScanDate>17136</ScanDate>
    <ScanBtchZipCreateDate>2017-05-17T07:09:51.377371-06:00</ScanBtchZipCreateDate>
    <ReceiveDate>17136</ReceiveDate>
    <KeyOrg>FIRSTSOURCE</KeyOrg>
    <ScanOrg>FIRSTSOURCE</ScanOrg>
    <Scanner>1</Scanner>
    <BtchUser1 />
    <BtchUser2 />
    <BtchUser3 />
    <BtchUser4 />
    <BtchUser5 />
  </BtchHdr>
  <BtchDet>
    <Docs>
      <DocRec>
        <DocId />
        <PacketNo>2017051600001FS</PacketNo>
        <KeyType>P</KeyType>
        <GRReferenceID />
        <CertificateNumber />
        <ReceivedDate>2017-05-16T02:00:00</ReceivedDate>
        <ScanDate>2017-05-16T02:00:00</ScanDate>
        <TotalPages>4</TotalPages>
        <SourceType>P</SourceType>
        <DocumentFileType>TIFF</DocumentFileType>
        <TimesRequested>1</TimesRequested>
        <GRNoOfPages>4</GRNoOfPages>
        <PrepOffice>FIRSTSOURCE</PrepOffice>
        <Clerk>FIRSTSOURCE</Clerk>
        <MultipleProcess>01</MultipleProcess>
        <PADocumentType />
        <PADocumentDescription />
        <MFPADocumentType />
        <MFPADocumentDescription />
        <AssociatedPacketIDs>
          <AssociatedPacketID>
            <Value />
          </AssociatedPacketID>
        </AssociatedPacketIDs>
        <Pages>
          <Page>
            <PageNo>1</PageNo>
            <PartNo />
            <LiveCheck>Select</LiveCheck>
            <ListBill />
            <Copy />
            <ImgFileName>2017051600001FS_0001.TIFF</ImgFileName>
            <ImgStatus>OK</ImgStatus>
            <ImgType>ISHEET</ImgType>
          </Page>
          <Page>
            <PageNo>2</PageNo>
            <PartNo>230F-UHA-1216</PartNo>
            <LiveCheck>Select</LiveCheck>
            <ListBill />
            <Copy />
            <ImgFileName>2017051600001FS_0002.TIFF</ImgFileName>
            <ImgStatus>OK</ImgStatus>
            <ImgType>APPL</ImgType>
          </Page>
          <Page>
            <PageNo>3</PageNo>
            <PartNo>230F-UHA-1216</PartNo>
            <LiveCheck>Select</LiveCheck>
            <ListBill />
            <Copy />
            <ImgFileName>2017051600001FS_0003.TIFF</ImgFileName>
            <ImgStatus>OK</ImgStatus>
            <ImgType>APPL</ImgType>
          </Page>
          <Page>
            <PageNo>4</PageNo>
            <PartNo>230F-UHA-1216</PartNo>
            <LiveCheck>Select</LiveCheck>
            <ListBill />
            <Copy />
            <ImgFileName>2017051600001FS_0004.TIFF</ImgFileName>
            <ImgStatus>OK</ImgStatus>
            <ImgType>APPL</ImgType>
          </Page>
        </Pages>
        <DocType>APPLICATION</DocType>
        <DocStatus>DONE</DocStatus>
        <Dcn>F17136_0001_003</Dcn>
        <DocUser1>2017051600001FS_0001.TIFF</DocUser1>
        <DocUser2>2017051600001FS_0004.TIFF</DocUser2>
        <DocUser3>\\usut-app5\ihbase-V5\imgdata01\HOOSIER\XPNB\F17136_0001_00</DocUser3>
        <DocUser4>USER4</DocUser4>
        <DocUser5>USER5</DocUser5>
      </DocRec>
      <DocRec>
        <DocId />
        <PacketNo>2017051600002FS</PacketNo>
        <KeyType>P</KeyType>
        <GRReferenceID />
        <CertificateNumber />
        <ReceivedDate>2017-05-16T02:00:00</ReceivedDate>
        <ScanDate>2017-05-16T02:00:00</ScanDate>
        <TotalPages>4</TotalPages>
        <SourceType>P</SourceType>
        <DocumentFileType>TIFF</DocumentFileType>
        <TimesRequested>1</TimesRequested>
        <GRNoOfPages>4</GRNoOfPages>
        <PrepOffice>FIRSTSOURCE</PrepOffice>
        <Clerk>FIRSTSOURCE</Clerk>
        <MultipleProcess>01</MultipleProcess>
        <PADocumentType />
        <PADocumentDescription />
        <MFPADocumentType />
        <MFPADocumentDescription />
        <AssociatedPacketIDs>
          <AssociatedPacketID>
            <Value />
          </AssociatedPacketID>
        </AssociatedPacketIDs>
        <Pages>
          <Page>
            <PageNo>1</PageNo>
            <PartNo />
            <LiveCheck>Select</LiveCheck>
            <ListBill />
            <Copy />
            <ImgFileName>2017051600002FS_0001.TIFF</ImgFileName>
            <ImgStatus>OK</ImgStatus>
            <ImgType>ISHEET</ImgType>
          </Page>
          <Page>
            <PageNo>2</PageNo>
            <PartNo>230F-UHA-1216</PartNo>
            <LiveCheck>Select</LiveCheck>
            <ListBill />
            <Copy />
            <ImgFileName>2017051600002FS_0002.TIFF</ImgFileName>
            <ImgStatus>OK</ImgStatus>
            <ImgType>APPL</ImgType>
          </Page>
          <Page>
            <PageNo>3</PageNo>
            <PartNo>230F-UHA-1216</PartNo>
            <LiveCheck>Select</LiveCheck>
            <ListBill />
            <Copy />
            <ImgFileName>2017051600002FS_0003.TIFF</ImgFileName>
            <ImgStatus>OK</ImgStatus>
            <ImgType>APPL</ImgType>
          </Page>
          <Page>
            <PageNo>4</PageNo>
            <PartNo>230F-UHA-1216</PartNo>
            <LiveCheck>Select</LiveCheck>
            <ListBill />
            <Copy />
            <ImgFileName>2017051600002FS_0004.TIFF</ImgFileName>
            <ImgStatus>OK</ImgStatus>
            <ImgType>APPL</ImgType>
          </Page>
        </Pages>
        <DocType>APPLICATION</DocType>
        <DocStatus>DONE</DocStatus>
        <Dcn>F17136_0001_004</Dcn>
        <DocUser1>2017051600002FS_0001.TIFF</DocUser1>
        <DocUser2>2017051600002FS_0004.TIFF</DocUser2>
        <DocUser3>\\usut-app5\ihbase-V5\imgdata01\HOOSIER\XPNB\F17136_0001_00</DocUser3>
        <DocUser4>USER4</DocUser4>
        <DocUser5>USER5</DocUser5>
      </DocRec>
      <DocRec>
        <DocId />
        <PacketNo>2017051600003FS</PacketNo>
        <KeyType>P</KeyType>
        <GRReferenceID />
        <CertificateNumber />
        <ReceivedDate>2017-05-16T02:00:00</ReceivedDate>
        <ScanDate>2017-05-16T02:00:00</ScanDate>
        <TotalPages>4</TotalPages>
        <SourceType>P</SourceType>
        <DocumentFileType>TIFF</DocumentFileType>
        <TimesRequested>1</TimesRequested>
        <GRNoOfPages>4</GRNoOfPages>
        <PrepOffice>FIRSTSOURCE</PrepOffice>
        <Clerk>FIRSTSOURCE</Clerk>
        <MultipleProcess>01</MultipleProcess>
        <PADocumentType />
        <PADocumentDescription />
        <MFPADocumentType />
        <MFPADocumentDescription />
        <AssociatedPacketIDs>
          <AssociatedPacketID>
            <Value />
          </AssociatedPacketID>
        </AssociatedPacketIDs>
        <Pages>
          <Page>
            <PageNo>1</PageNo>
            <PartNo />
            <LiveCheck>Select</LiveCheck>
            <ListBill />
            <Copy />
            <ImgFileName>2017051600003FS_0001.TIFF</ImgFileName>
            <ImgStatus>OK</ImgStatus>
            <ImgType>ISHEET</ImgType>
          </Page>
          <Page>
            <PageNo>2</PageNo>
            <PartNo>230F-UHA-1216</PartNo>
            <LiveCheck>Select</LiveCheck>
            <ListBill />
            <Copy />
            <ImgFileName>2017051600003FS_0002.TIFF</ImgFileName>
            <ImgStatus>OK</ImgStatus>
            <ImgType>APPL</ImgType>
          </Page>
          <Page>
            <PageNo>3</PageNo>
            <PartNo>230F-UHA-1216</PartNo>
            <LiveCheck>Select</LiveCheck>
            <ListBill />
            <Copy />
            <ImgFileName>2017051600003FS_0003.TIFF</ImgFileName>
            <ImgStatus>OK</ImgStatus>
            <ImgType>APPL</ImgType>
          </Page>
          <Page>
            <PageNo>4</PageNo>
            <PartNo>230F-UHA-1216</PartNo>
            <LiveCheck>Select</LiveCheck>
            <ListBill />
            <Copy />
            <ImgFileName>2017051600003FS_0004.TIFF</ImgFileName>
            <ImgStatus>OK</ImgStatus>
            <ImgType>APPL</ImgType>
          </Page>
        </Pages>
        <DocType>APPLICATION</DocType>
        <DocStatus>DONE</DocStatus>
        <Dcn>F17136_0001_005</Dcn>
        <DocUser1>2017051600003FS_0001.TIFF</DocUser1>
        <DocUser2>2017051600003FS_0004.TIFF</DocUser2>
        <DocUser3>\\usut-app5\ihbase-V5\imgdata01\HOOSIER\XPNB\F17136_0001_00</DocUser3>
        <DocUser4>USER4</DocUser4>
        <DocUser5>USER5</DocUser5>
      </DocRec>
      <DocRec>
        <DocId />
        <PacketNo>2017051600004FS</PacketNo>
        <KeyType>P</KeyType>
        <GRReferenceID />
        <CertificateNumber />
        <ReceivedDate>2017-05-16T02:00:00</ReceivedDate>
        <ScanDate>2017-05-16T02:00:00</ScanDate>
        <TotalPages>4</TotalPages>
        <SourceType>P</SourceType>
        <DocumentFileType>TIFF</DocumentFileType>
        <TimesRequested>1</TimesRequested>
        <GRNoOfPages>4</GRNoOfPages>
        <PrepOffice>FIRSTSOURCE</PrepOffice>
        <Clerk>FIRSTSOURCE</Clerk>
        <MultipleProcess>01</MultipleProcess>
        <PADocumentType />
        <PADocumentDescription />
        <MFPADocumentType />
        <MFPADocumentDescription />
        <AssociatedPacketIDs>
          <AssociatedPacketID>
            <Value />
          </AssociatedPacketID>
        </AssociatedPacketIDs>
        <Pages>
          <Page>
            <PageNo>1</PageNo>
            <PartNo />
            <LiveCheck>Select</LiveCheck>
            <ListBill />
            <Copy />
            <ImgFileName>2017051600004FS_0001.TIFF</ImgFileName>
            <ImgStatus>OK</ImgStatus>
            <ImgType>ISHEET</ImgType>
          </Page>
          <Page>
            <PageNo>2</PageNo>
            <PartNo>230F-UHA-1216</PartNo>
            <LiveCheck>Select</LiveCheck>
            <ListBill />
            <Copy />
            <ImgFileName>2017051600004FS_0002.TIFF</ImgFileName>
            <ImgStatus>OK</ImgStatus>
            <ImgType>APPL</ImgType>
          </Page>
          <Page>
            <PageNo>3</PageNo>
            <PartNo>230F-UHA-1216</PartNo>
            <LiveCheck>Select</LiveCheck>
            <ListBill />
            <Copy />
            <ImgFileName>2017051600004FS_0003.TIFF</ImgFileName>
            <ImgStatus>OK</ImgStatus>
            <ImgType>APPL</ImgType>
          </Page>
          <Page>
            <PageNo>4</PageNo>
            <PartNo>230F-UHA-1216</PartNo>
            <LiveCheck>Select</LiveCheck>
            <ListBill />
            <Copy />
            <ImgFileName>2017051600004FS_0004.TIFF</ImgFileName>
            <ImgStatus>OK</ImgStatus>
            <ImgType>APPL</ImgType>
          </Page>
        </Pages>
        <DocType>APPLICATION</DocType>
        <DocStatus>DONE</DocStatus>
        <Dcn>F17136_0001_006</Dcn>
        <DocUser1>2017051600004FS_0001.TIFF</DocUser1>
        <DocUser2>2017051600004FS_0004.TIFF</DocUser2>
        <DocUser3>\\usut-app5\ihbase-V5\imgdata01\HOOSIER\XPNB\F17136_0001_00</DocUser3>
        <DocUser4>USER4</DocUser4>
        <DocUser5>USER5</DocUser5>
      </DocRec>
    </Docs>
  </BtchDet>
</BtchCntl>