<?xml version="1.0"?>
<BtchCntl>
  <BtchHdr>
    <CustId>HOOSIER</CustId>
    <ProjId>NB</ProjId>
    <ScanBtchId>GRNB2017060900038</ScanBtchId>
    <SubmissionBtchId>GRNB2017060900038</SubmissionBtchId>
    <BtchScanType>FRESH</BtchScanType>
    <NumDocs>1</NumDocs>
    <NumBill>1</NumBill>
    <NumImgs>2</NumImgs>
    <TurnAround>24</TurnAround>
    <ScanDate>17160</ScanDate>
    <ScanBtchZipCreateDate>2017-06-09T15:03:59.5767006-06:00</ScanBtchZipCreateDate>
    <ReceiveDate>17160</ReceiveDate>
    <KeyOrg>FIRSTSOURCE</KeyOrg>
    <ScanOrg>FIRSTSOURCE</ScanOrg>
    <Scanner>1</Scanner>
    <BtchUser1 />
    <BtchUser2 />
    <BtchUser3 />
    <BtchUser4 />
    <BtchUser5 />
  </BtchHdr>
  <BtchDet>
    <Docs>
      <DocRec>
        <DocId />
        <PacketNo>2017060900135FS</PacketNo>
        <KeyType>P</KeyType>
        <GRReferenceID />
        <CertificateNumber />
        <ReceivedDate>2017-06-09T14:11:39</ReceivedDate>
        <ScanDate>2017-06-09T14:11:39</ScanDate>
        <TotalPages>2</TotalPages>
        <SourceType>F</SourceType>
        <DocumentFileType>TIFF</DocumentFileType>
        <TimesRequested>1</TimesRequested>
        <GRNoOfPages>2</GRNoOfPages>
        <PrepOffice>FIRSTSOURCE</PrepOffice>
        <Clerk>FIRSTSOURCE</Clerk>
        <MultipleProcess>01</MultipleProcess>
        <PADocumentType />
        <PADocumentDescription />
        <MFPADocumentType />
        <MFPADocumentDescription />
        <AssociatedPacketIDs>
          <AssociatedPacketID>
            <Value />
          </AssociatedPacketID>
        </AssociatedPacketIDs>
        <Pages>
          <Page>
            <PageNo>1</PageNo>
            <PartNo />
            <LiveCheck>Select</LiveCheck>
            <ListBill />
            <Copy />
            <ImgFileName>2017060900135FS_0001.TIFF</ImgFileName>
            <ImgStatus>OK</ImgStatus>
            <ImgType>ISHEET</ImgType>
          </Page>
          <Page>
            <PageNo>2</PageNo>
            <PartNo />
            <LiveCheck>Select</LiveCheck>
            <ListBill />
            <Copy />
            <ImgFileName>2017060900135FS_0002.TIFF</ImgFileName>
            <ImgStatus>OK</ImgStatus>
            <ImgType>UNKNOWN</ImgType>
          </Page>
        </Pages>
        <DocType>CORRESPONDENCE</DocType>
        <DocStatus>DONE</DocStatus>
        <Dcn>F17160_0031_003</Dcn>
        <DocUser1>2017060900135FS_0001.TIFF</DocUser1>
        <DocUser2>2017060900135FS_0002.TIFF</DocUser2>
        <DocUser3>\\usut-file2\Ihbase-V5\imgdata01\HOOSIER\FAX\F17160_0031_00</DocUser3>
        <DocUser4>USER4</DocUser4>
        <DocUser5>USER5</DocUser5>
      </DocRec>
    </Docs>
  </BtchDet>
</BtchCntl>