<?xml version="1.0" encoding="UTF-8"?>

<BtchCntl>
  <BtchHdr>
    <CustId>HOOSIER</CustId>
    <ProjId>NB</ProjId>
    <ScanBtchId>GRNB2017070700015</ScanBtchId>
    <SubmissionBtchId>GRNB2017070700015</SubmissionBtchId>
    <BtchScanType>FRESH</BtchScanType>
    <NumDocs>6</NumDocs>
    <NumBill>11</NumBill>
    <NumImgs>50</NumImgs>
    <TurnAround>24</TurnAround>
    <ScanDate>17188</ScanDate>
    <ScanBtchZipCreateDate>2017-07-07T10:18:04.9187596-06:00</ScanBtchZipCreateDate>
    <ReceiveDate>17188</ReceiveDate>
    <KeyOrg>FIRSTSOURCE</KeyOrg>
    <ScanOrg>FIRSTSOURCE</ScanOrg>
    <Scanner>1</Scanner>
    <BtchUser1></BtchUser1>
    <BtchUser2></BtchUser2>
    <BtchUser3></BtchUser3>
    <BtchUser4></BtchUser4>
    <BtchUser5></BtchUser5>
  </BtchHdr>
  <BtchDet>
    <Docs>
      <DocRec>
        <DocId></DocId>
        <PacketNo>2017070700066FS</PacketNo>
        <KeyType>P</KeyType>
        <GRReferenceID></GRReferenceID>
        <CertificateNumber></CertificateNumber>
        <ReceivedDate>2017-07-07T11:00:00</ReceivedDate>
        <ScanDate>2017-07-07T11:00:00</ScanDate>
        <TotalPages>12</TotalPages>
        <SourceType>P</SourceType>
        <DocumentFileType>TIFF</DocumentFileType>
        <TimesRequested>1</TimesRequested>
        <GRNoOfPages>12</GRNoOfPages>
        <PrepOffice>FIRSTSOURCE</PrepOffice>
        <Clerk>FIRSTSOURCE</Clerk>
        <MultipleProcess>01</MultipleProcess>
        <PADocumentType></PADocumentType>
        <PADocumentDescription></PADocumentDescription>
        <MFPADocumentType></MFPADocumentType>
        <MFPADocumentDescription></MFPADocumentDescription>
        <AssociatedPacketIDs>
          <AssociatedPacketID>
            <Value></Value>
          </AssociatedPacketID>
        </AssociatedPacketIDs>
        <Pages>
          <Page>
            <PageNo>1</PageNo>
            <PartNo></PartNo>
            <LiveCheck>YES</LiveCheck>
            <ListBill></ListBill>
            <Copy></Copy>
            <ImgFileName>2017070700066FS_0001.TIFF</ImgFileName>
            <ImgStatus>OK</ImgStatus>
            <ImgType>ISHEET</ImgType>
          </Page>
          <Page>
            <PageNo>2</PageNo>
            <PartNo>894E-G-0317</PartNo>
            <LiveCheck>YES</LiveCheck>
            <ListBill></ListBill>
            <Copy></Copy>
            <ImgFileName>2017070700066FS_0002.TIFF</ImgFileName>
            <ImgStatus>OK</ImgStatus>
            <ImgType>APPL</ImgType>
          </Page>
          <Page>
            <PageNo>3</PageNo>
            <PartNo>894E-G-0317</PartNo>
            <LiveCheck>YES</LiveCheck>
            <ListBill></ListBill>
            <Copy></Copy>
            <ImgFileName>2017070700066FS_0003.TIFF</ImgFileName>
            <ImgStatus>OK</ImgStatus>
            <ImgType>APPL</ImgType>
          </Page>
          <Page>
            <PageNo>4</PageNo>
            <PartNo>894E-G-0317</PartNo>
            <LiveCheck>YES</LiveCheck>
            <ListBill></ListBill>
            <Copy></Copy>
            <ImgFileName>2017070700066FS_0004.TIFF</ImgFileName>
            <ImgStatus>OK</ImgStatus>
            <ImgType>APPL</ImgType>
          </Page>
          <Page>
            <PageNo>5</PageNo>
            <PartNo>894E-G-0317</PartNo>
            <LiveCheck>YES</LiveCheck>
            <ListBill></ListBill>
            <Copy></Copy>
            <ImgFileName>2017070700066FS_0005.TIFF</ImgFileName>
            <ImgStatus>OK</ImgStatus>
            <ImgType>APPL</ImgType>
          </Page>
          <Page>
            <PageNo>6</PageNo>
            <PartNo>894E-G-0317</PartNo>
            <LiveCheck>YES</LiveCheck>
            <ListBill></ListBill>
            <Copy></Copy>
            <ImgFileName>2017070700066FS_0006.TIFF</ImgFileName>
            <ImgStatus>OK</ImgStatus>
            <ImgType>APPL</ImgType>
          </Page>
          <Page>
            <PageNo>7</PageNo>
            <PartNo>894E-G-0317</PartNo>
            <LiveCheck>YES</LiveCheck>
            <ListBill></ListBill>
            <Copy></Copy>
            <ImgFileName>2017070700066FS_0007.TIFF</ImgFileName>
            <ImgStatus>OK</ImgStatus>
            <ImgType>APPL</ImgType>
          </Page>
          <Page>
            <PageNo>8</PageNo>
            <PartNo>894E-G-0317</PartNo>
            <LiveCheck>YES</LiveCheck>
            <ListBill></ListBill>
            <Copy></Copy>
            <ImgFileName>2017070700066FS_0008.TIFF</ImgFileName>
            <ImgStatus>OK</ImgStatus>
            <ImgType>APPL</ImgType>
          </Page>
          <Page>
            <PageNo>9</PageNo>
            <PartNo>894E-G-0317</PartNo>
            <LiveCheck>YES</LiveCheck>
            <ListBill></ListBill>
            <Copy></Copy>
            <ImgFileName>2017070700066FS_0009.TIFF</ImgFileName>
            <ImgStatus>OK</ImgStatus>
            <ImgType>APPL</ImgType>
          </Page>
          <Page>
            <PageNo>10</PageNo>
            <PartNo>894E-G-0317</PartNo>
            <LiveCheck>YES</LiveCheck>
            <ListBill></ListBill>
            <Copy></Copy>
            <ImgFileName>2017070700066FS_0010.TIFF</ImgFileName>
            <ImgStatus>OK</ImgStatus>
            <ImgType>APPL</ImgType>
          </Page>
          <Page>
            <PageNo>11</PageNo>
            <PartNo></PartNo>
            <LiveCheck>YES</LiveCheck>
            <ListBill></ListBill>
            <Copy></Copy>
            <ImgFileName>2017070700066FS_0011.TIFF</ImgFileName>
            <ImgStatus>OK</ImgStatus>
            <ImgType>NULL</ImgType>
          </Page>
          <Page>
            <PageNo>12</PageNo>
            <PartNo></PartNo>
            <LiveCheck>YES</LiveCheck>
            <ListBill></ListBill>
            <Copy></Copy>
            <ImgFileName>2017070700066FS_0012.TIFF</ImgFileName>
            <ImgStatus>OK</ImgStatus>
            <ImgType>NULL</ImgType>
          </Page>
        </Pages>
        <DocType>APPLICATION</DocType>
        <DocStatus>DONE</DocStatus>
        <Dcn>F17188_0018_003</Dcn>
        <DocUser1>2017070700066FS_0001.TIFF</DocUser1>
        <DocUser2>2017070700066FS_0012.TIFF</DocUser2>
        <DocUser3>\\usut-file2\ihbase-V5\imgdata01\HOOSIER\APPC\F17188_0018_00</DocUser3>
        <DocUser4>USER4</DocUser4>
        <DocUser5>USER5</DocUser5>
      </DocRec>
      <DocRec>
        <DocId></DocId>
        <PacketNo>2017070700067FS</PacketNo>
        <KeyType>P</KeyType>
        <GRReferenceID></GRReferenceID>
        <CertificateNumber></CertificateNumber>
        <ReceivedDate>2017-07-07T11:00:00</ReceivedDate>
        <ScanDate>2017-07-07T11:00:00</ScanDate>
        <TotalPages>11</TotalPages>
        <SourceType>P</SourceType>
        <DocumentFileType>TIFF</DocumentFileType>
        <TimesRequested>1</TimesRequested>
        <GRNoOfPages>11</GRNoOfPages>
        <PrepOffice>FIRSTSOURCE</PrepOffice>
        <Clerk>FIRSTSOURCE</Clerk>
        <MultipleProcess>01</MultipleProcess>
        <PADocumentType></PADocumentType>
        <PADocumentDescription></PADocumentDescription>
        <MFPADocumentType></MFPADocumentType>
        <MFPADocumentDescription></MFPADocumentDescription>
        <AssociatedPacketIDs>
          <AssociatedPacketID>
            <Value></Value>
          </AssociatedPacketID>
        </AssociatedPacketIDs>
        <Pages>
          <Page>
            <PageNo>1</PageNo>
            <PartNo></PartNo>
            <LiveCheck>YES</LiveCheck>
            <ListBill></ListBill>
            <Copy></Copy>
            <ImgFileName>2017070700067FS_0001.TIFF</ImgFileName>
            <ImgStatus>OK</ImgStatus>
            <ImgType>ISHEET</ImgType>
          </Page>
          <Page>
            <PageNo>2</PageNo>
            <PartNo>886E-G-0317</PartNo>
            <LiveCheck>YES</LiveCheck>
            <ListBill></ListBill>
            <Copy></Copy>
            <ImgFileName>2017070700067FS_0002.TIFF</ImgFileName>
            <ImgStatus>OK</ImgStatus>
            <ImgType>APPL</ImgType>
          </Page>
          <Page>
            <PageNo>3</PageNo>
            <PartNo></PartNo>
            <LiveCheck>YES</LiveCheck>
            <ListBill></ListBill>
            <Copy></Copy>
            <ImgFileName>2017070700067FS_0003.TIFF</ImgFileName>
            <ImgStatus>OK</ImgStatus>
            <ImgType>NULL</ImgType>
          </Page>
          <Page>
            <PageNo>4</PageNo>
            <PartNo>886E-G-0317</PartNo>
            <LiveCheck>YES</LiveCheck>
            <ListBill></ListBill>
            <Copy></Copy>
            <ImgFileName>2017070700067FS_0004.TIFF</ImgFileName>
            <ImgStatus>OK</ImgStatus>
            <ImgType>APPL</ImgType>
          </Page>
          <Page>
            <PageNo>5</PageNo>
            <PartNo></PartNo>
            <LiveCheck>YES</LiveCheck>
            <ListBill></ListBill>
            <Copy></Copy>
            <ImgFileName>2017070700067FS_0005.TIFF</ImgFileName>
            <ImgStatus>OK</ImgStatus>
            <ImgType>NULL</ImgType>
          </Page>
          <Page>
            <PageNo>6</PageNo>
            <PartNo>886E-G-0317</PartNo>
            <LiveCheck>YES</LiveCheck>
            <ListBill></ListBill>
            <Copy></Copy>
            <ImgFileName>2017070700067FS_0006.TIFF</ImgFileName>
            <ImgStatus>OK</ImgStatus>
            <ImgType>APPL</ImgType>
          </Page>
          <Page>
            <PageNo>7</PageNo>
            <PartNo></PartNo>
            <LiveCheck>YES</LiveCheck>
            <ListBill></ListBill>
            <Copy></Copy>
            <ImgFileName>2017070700067FS_0007.TIFF</ImgFileName>
            <ImgStatus>OK</ImgStatus>
            <ImgType>NULL</ImgType>
          </Page>
          <Page>
            <PageNo>8</PageNo>
            <PartNo>886E-G-0317</PartNo>
            <LiveCheck>YES</LiveCheck>
            <ListBill></ListBill>
            <Copy></Copy>
            <ImgFileName>2017070700067FS_0008.TIFF</ImgFileName>
            <ImgStatus>OK</ImgStatus>
            <ImgType>APPL</ImgType>
          </Page>
          <Page>
            <PageNo>9</PageNo>
            <PartNo></PartNo>
            <LiveCheck>YES</LiveCheck>
            <ListBill></ListBill>
            <Copy></Copy>
            <ImgFileName>2017070700067FS_0009.TIFF</ImgFileName>
            <ImgStatus>OK</ImgStatus>
            <ImgType>NULL</ImgType>
          </Page>
          <Page>
            <PageNo>10</PageNo>
            <PartNo></PartNo>
            <LiveCheck>YES</LiveCheck>
            <ListBill></ListBill>
            <Copy></Copy>
            <ImgFileName>2017070700067FS_0010.TIFF</ImgFileName>
            <ImgStatus>OK</ImgStatus>
            <ImgType>NULL</ImgType>
          </Page>
          <Page>
            <PageNo>11</PageNo>
            <PartNo></PartNo>
            <LiveCheck>YES</LiveCheck>
            <ListBill></ListBill>
            <Copy></Copy>
            <ImgFileName>2017070700067FS_0011.TIFF</ImgFileName>
            <ImgStatus>OK</ImgStatus>
            <ImgType>NULL</ImgType>
          </Page>
        </Pages>
        <DocType>APPLICATION</DocType>
        <DocStatus>DONE</DocStatus>
        <Dcn>F17188_0018_005</Dcn>
        <DocUser1>2017070700067FS_0001.TIFF</DocUser1>
        <DocUser2>2017070700067FS_0011.TIFF</DocUser2>
        <DocUser3>\\usut-file2\ihbase-V5\imgdata01\HOOSIER\APPC\F17188_0018_00</DocUser3>
        <DocUser4>USER4</DocUser4>
        <DocUser5>USER5</DocUser5>
      </DocRec>
      <DocRec>
        <DocId></DocId>
        <PacketNo>2017070700068FS</PacketNo>
        <KeyType>P</KeyType>
        <GRReferenceID></GRReferenceID>
        <CertificateNumber></CertificateNumber>
        <ReceivedDate>2017-07-07T11:00:00</ReceivedDate>
        <ScanDate>2017-07-07T11:00:00</ScanDate>
        <TotalPages>10</TotalPages>
        <SourceType>P</SourceType>
        <DocumentFileType>TIFF</DocumentFileType>
        <TimesRequested>1</TimesRequested>
        <GRNoOfPages>10</GRNoOfPages>
        <PrepOffice>FIRSTSOURCE</PrepOffice>
        <Clerk>FIRSTSOURCE</Clerk>
        <MultipleProcess>01</MultipleProcess>
        <PADocumentType></PADocumentType>
        <PADocumentDescription></PADocumentDescription>
        <MFPADocumentType></MFPADocumentType>
        <MFPADocumentDescription></MFPADocumentDescription>
        <AssociatedPacketIDs>
          <AssociatedPacketID>
            <Value></Value>
          </AssociatedPacketID>
        </AssociatedPacketIDs>
        <Pages>
          <Page>
            <PageNo>1</PageNo>
            <PartNo></PartNo>
            <LiveCheck>YES</LiveCheck>
            <ListBill></ListBill>
            <Copy></Copy>
            <ImgFileName>2017070700068FS_0001.TIFF</ImgFileName>
            <ImgStatus>OK</ImgStatus>
            <ImgType>ISHEET</ImgType>
          </Page>
          <Page>
            <PageNo>2</PageNo>
            <PartNo>396F-G-0317</PartNo>
            <LiveCheck>YES</LiveCheck>
            <ListBill></ListBill>
            <Copy></Copy>
            <ImgFileName>2017070700068FS_0002.TIFF</ImgFileName>
            <ImgStatus>OK</ImgStatus>
            <ImgType>APPL</ImgType>
          </Page>
          <Page>
            <PageNo>3</PageNo>
            <PartNo>396F-G-0317</PartNo>
            <LiveCheck>YES</LiveCheck>
            <ListBill></ListBill>
            <Copy></Copy>
            <ImgFileName>2017070700068FS_0003.TIFF</ImgFileName>
            <ImgStatus>OK</ImgStatus>
            <ImgType>APPL</ImgType>
          </Page>
          <Page>
            <PageNo>4</PageNo>
            <PartNo>396F-G-0317</PartNo>
            <LiveCheck>YES</LiveCheck>
            <ListBill></ListBill>
            <Copy></Copy>
            <ImgFileName>2017070700068FS_0004.TIFF</ImgFileName>
            <ImgStatus>OK</ImgStatus>
            <ImgType>APPL</ImgType>
          </Page>
          <Page>
            <PageNo>5</PageNo>
            <PartNo>396F-G-0317</PartNo>
            <LiveCheck>YES</LiveCheck>
            <ListBill></ListBill>
            <Copy></Copy>
            <ImgFileName>2017070700068FS_0005.TIFF</ImgFileName>
            <ImgStatus>OK</ImgStatus>
            <ImgType>APPL</ImgType>
          </Page>
          <Page>
            <PageNo>6</PageNo>
            <PartNo>396F-G-0317</PartNo>
            <LiveCheck>YES</LiveCheck>
            <ListBill></ListBill>
            <Copy></Copy>
            <ImgFileName>2017070700068FS_0006.TIFF</ImgFileName>
            <ImgStatus>OK</ImgStatus>
            <ImgType>APPL</ImgType>
          </Page>
          <Page>
            <PageNo>7</PageNo>
            <PartNo>396F-G-0317</PartNo>
            <LiveCheck>YES</LiveCheck>
            <ListBill></ListBill>
            <Copy></Copy>
            <ImgFileName>2017070700068FS_0007.TIFF</ImgFileName>
            <ImgStatus>OK</ImgStatus>
            <ImgType>APPL</ImgType>
          </Page>
          <Page>
            <PageNo>8</PageNo>
            <PartNo></PartNo>
            <LiveCheck>YES</LiveCheck>
            <ListBill></ListBill>
            <Copy></Copy>
            <ImgFileName>2017070700068FS_0008.TIFF</ImgFileName>
            <ImgStatus>OK</ImgStatus>
            <ImgType>NULL</ImgType>
          </Page>
          <Page>
            <PageNo>9</PageNo>
            <PartNo></PartNo>
            <LiveCheck>YES</LiveCheck>
            <ListBill></ListBill>
            <Copy></Copy>
            <ImgFileName>2017070700068FS_0009.TIFF</ImgFileName>
            <ImgStatus>OK</ImgStatus>
            <ImgType>NULL</ImgType>
          </Page>
          <Page>
            <PageNo>10</PageNo>
            <PartNo></PartNo>
            <LiveCheck>YES</LiveCheck>
            <ListBill></ListBill>
            <Copy></Copy>
            <ImgFileName>2017070700068FS_0010.TIFF</ImgFileName>
            <ImgStatus>OK</ImgStatus>
            <ImgType>NULL</ImgType>
          </Page>
        </Pages>
        <DocType>APPLICATION</DocType>
        <DocStatus>DONE</DocStatus>
        <Dcn>F17188_0018_007</Dcn>
        <DocUser1>2017070700068FS_0001.TIFF</DocUser1>
        <DocUser2>2017070700068FS_0010.TIFF</DocUser2>
        <DocUser3>\\usut-file2\ihbase-V5\imgdata01\HOOSIER\APPC\F17188_0018_00</DocUser3>
        <DocUser4>USER4</DocUser4>
        <DocUser5>USER5</DocUser5>
      </DocRec>
      <DocRec>
        <DocId></DocId>
        <PacketNo>2017070700069FS</PacketNo>
        <KeyType>P</KeyType>
        <GRReferenceID></GRReferenceID>
        <CertificateNumber></CertificateNumber>
        <ReceivedDate>2017-07-07T11:00:00</ReceivedDate>
        <ScanDate>2017-07-07T11:00:00</ScanDate>
        <TotalPages>12</TotalPages>
        <SourceType>P</SourceType>
        <DocumentFileType>TIFF</DocumentFileType>
        <TimesRequested>1</TimesRequested>
        <GRNoOfPages>12</GRNoOfPages>
        <PrepOffice>FIRSTSOURCE</PrepOffice>
        <Clerk>FIRSTSOURCE</Clerk>
        <MultipleProcess>01</MultipleProcess>
        <PADocumentType></PADocumentType>
        <PADocumentDescription></PADocumentDescription>
        <MFPADocumentType></MFPADocumentType>
        <MFPADocumentDescription></MFPADocumentDescription>
        <AssociatedPacketIDs>
          <AssociatedPacketID>
            <Value></Value>
          </AssociatedPacketID>
        </AssociatedPacketIDs>
        <Pages>
          <Page>
            <PageNo>1</PageNo>
            <PartNo></PartNo>
            <LiveCheck>YES</LiveCheck>
            <ListBill></ListBill>
            <Copy></Copy>
            <ImgFileName>2017070700069FS_0001.TIFF</ImgFileName>
            <ImgStatus>OK</ImgStatus>
            <ImgType>ISHEET</ImgType>
          </Page>
          <Page>
            <PageNo>2</PageNo>
            <PartNo>378F-G-0317</PartNo>
            <LiveCheck>YES</LiveCheck>
            <ListBill></ListBill>
            <Copy></Copy>
            <ImgFileName>2017070700069FS_0002.TIFF</ImgFileName>
            <ImgStatus>OK</ImgStatus>
            <ImgType>APPL</ImgType>
          </Page>
          <Page>
            <PageNo>3</PageNo>
            <PartNo>378F-G-0317</PartNo>
            <LiveCheck>YES</LiveCheck>
            <ListBill></ListBill>
            <Copy></Copy>
            <ImgFileName>2017070700069FS_0003.TIFF</ImgFileName>
            <ImgStatus>OK</ImgStatus>
            <ImgType>APPL</ImgType>
          </Page>
          <Page>
            <PageNo>4</PageNo>
            <PartNo>378F-G-0317</PartNo>
            <LiveCheck>YES</LiveCheck>
            <ListBill></ListBill>
            <Copy></Copy>
            <ImgFileName>2017070700069FS_0004.TIFF</ImgFileName>
            <ImgStatus>OK</ImgStatus>
            <ImgType>APPL</ImgType>
          </Page>
          <Page>
            <PageNo>5</PageNo>
            <PartNo>378F-G-0317</PartNo>
            <LiveCheck>YES</LiveCheck>
            <ListBill></ListBill>
            <Copy></Copy>
            <ImgFileName>2017070700069FS_0005.TIFF</ImgFileName>
            <ImgStatus>OK</ImgStatus>
            <ImgType>APPL</ImgType>
          </Page>
          <Page>
            <PageNo>6</PageNo>
            <PartNo>378F-G-0317</PartNo>
            <LiveCheck>YES</LiveCheck>
            <ListBill></ListBill>
            <Copy></Copy>
            <ImgFileName>2017070700069FS_0006.TIFF</ImgFileName>
            <ImgStatus>OK</ImgStatus>
            <ImgType>APPL</ImgType>
          </Page>
          <Page>
            <PageNo>7</PageNo>
            <PartNo>378F-G-0317</PartNo>
            <LiveCheck>YES</LiveCheck>
            <ListBill></ListBill>
            <Copy></Copy>
            <ImgFileName>2017070700069FS_0007.TIFF</ImgFileName>
            <ImgStatus>OK</ImgStatus>
            <ImgType>APPL</ImgType>
          </Page>
          <Page>
            <PageNo>8</PageNo>
            <PartNo></PartNo>
            <LiveCheck>YES</LiveCheck>
            <ListBill></ListBill>
            <Copy></Copy>
            <ImgFileName>2017070700069FS_0008.TIFF</ImgFileName>
            <ImgStatus>OK</ImgStatus>
            <ImgType>NULL</ImgType>
          </Page>
          <Page>
            <PageNo>9</PageNo>
            <PartNo></PartNo>
            <LiveCheck>YES</LiveCheck>
            <ListBill></ListBill>
            <Copy></Copy>
            <ImgFileName>2017070700069FS_0009.TIFF</ImgFileName>
            <ImgStatus>OK</ImgStatus>
            <ImgType>NULL</ImgType>
          </Page>
          <Page>
            <PageNo>10</PageNo>
            <PartNo></PartNo>
            <LiveCheck>YES</LiveCheck>
            <ListBill></ListBill>
            <Copy></Copy>
            <ImgFileName>2017070700069FS_0010.TIFF</ImgFileName>
            <ImgStatus>OK</ImgStatus>
            <ImgType>NULL</ImgType>
          </Page>
          <Page>
            <PageNo>11</PageNo>
            <PartNo></PartNo>
            <LiveCheck>YES</LiveCheck>
            <ListBill></ListBill>
            <Copy></Copy>
            <ImgFileName>2017070700069FS_0011.TIFF</ImgFileName>
            <ImgStatus>OK</ImgStatus>
            <ImgType>NULL</ImgType>
          </Page>
          <Page>
            <PageNo>12</PageNo>
            <PartNo></PartNo>
            <LiveCheck>YES</LiveCheck>
            <ListBill></ListBill>
            <Copy></Copy>
            <ImgFileName>2017070700069FS_0012.TIFF</ImgFileName>
            <ImgStatus>OK</ImgStatus>
            <ImgType>NULL</ImgType>
          </Page>
        </Pages>
        <DocType>APPLICATION</DocType>
        <DocStatus>DONE</DocStatus>
        <Dcn>F17188_0018_008</Dcn>
        <DocUser1>2017070700069FS_0001.TIFF</DocUser1>
        <DocUser2>2017070700069FS_0012.TIFF</DocUser2>
        <DocUser3>\\usut-file2\ihbase-V5\imgdata01\HOOSIER\APPC\F17188_0018_00</DocUser3>
        <DocUser4>USER4</DocUser4>
        <DocUser5>USER5</DocUser5>
      </DocRec>
      <DocRec>
        <DocId></DocId>
        <PacketNo>2017070700070FS</PacketNo>
        <KeyType>P</KeyType>
        <GRReferenceID></GRReferenceID>
        <CertificateNumber></CertificateNumber>
        <ReceivedDate>2017-07-07T11:00:00</ReceivedDate>
        <ScanDate>2017-07-07T11:00:00</ScanDate>
        <TotalPages>8</TotalPages>
        <SourceType>P</SourceType>
        <DocumentFileType>TIFF</DocumentFileType>
        <TimesRequested>1</TimesRequested>
        <GRNoOfPages>8</GRNoOfPages>
        <PrepOffice>FIRSTSOURCE</PrepOffice>
        <Clerk>FIRSTSOURCE</Clerk>
        <MultipleProcess>01</MultipleProcess>
        <PADocumentType></PADocumentType>
        <PADocumentDescription></PADocumentDescription>
        <MFPADocumentType></MFPADocumentType>
        <MFPADocumentDescription></MFPADocumentDescription>
        <AssociatedPacketIDs>
          <AssociatedPacketID>
            <Value></Value>
          </AssociatedPacketID>
        </AssociatedPacketIDs>
        <Pages>
          <Page>
            <PageNo>1</PageNo>
            <PartNo></PartNo>
            <LiveCheck>YES</LiveCheck>
            <ListBill></ListBill>
            <Copy></Copy>
            <ImgFileName>2017070700070FS_0001.TIFF</ImgFileName>
            <ImgStatus>OK</ImgStatus>
            <ImgType>ISHEET</ImgType>
          </Page>
          <Page>
            <PageNo>2</PageNo>
            <PartNo>032F-G-0816</PartNo>
            <LiveCheck>YES</LiveCheck>
            <ListBill></ListBill>
            <Copy></Copy>
            <ImgFileName>2017070700070FS_0002.TIFF</ImgFileName>
            <ImgStatus>OK</ImgStatus>
            <ImgType>APPL</ImgType>
          </Page>
          <Page>
            <PageNo>3</PageNo>
            <PartNo></PartNo>
            <LiveCheck>YES</LiveCheck>
            <ListBill></ListBill>
            <Copy></Copy>
            <ImgFileName>2017070700070FS_0003.TIFF</ImgFileName>
            <ImgStatus>OK</ImgStatus>
            <ImgType>NULL</ImgType>
          </Page>
          <Page>
            <PageNo>4</PageNo>
            <PartNo>032F-G-0816</PartNo>
            <LiveCheck>YES</LiveCheck>
            <ListBill></ListBill>
            <Copy></Copy>
            <ImgFileName>2017070700070FS_0004.TIFF</ImgFileName>
            <ImgStatus>OK</ImgStatus>
            <ImgType>APPL</ImgType>
          </Page>
          <Page>
            <PageNo>5</PageNo>
            <PartNo>032F-G-0816</PartNo>
            <LiveCheck>YES</LiveCheck>
            <ListBill></ListBill>
            <Copy></Copy>
            <ImgFileName>2017070700070FS_0005.TIFF</ImgFileName>
            <ImgStatus>OK</ImgStatus>
            <ImgType>APPL</ImgType>
          </Page>
        </Pages>
        <DocType>APPLICATION</DocType>
        <DocStatus>DONE</DocStatus>
        <Dcn>F17188_0018_009</Dcn>
        <DocUser1>2017070700070FS_0001.TIFF</DocUser1>
        <DocUser2>2017070700070FS_0008.TIFF</DocUser2>
        <DocUser3>\\usut-file2\ihbase-V5\imgdata01\HOOSIER\APPC\F17188_0018_00</DocUser3>
        <DocUser4>USER4</DocUser4>
        <DocUser5>USER5</DocUser5>
      </DocRec>
    </Docs>
  </BtchDet>
</BtchCntl>
