<?xml version="1.0"?>
<BtchCntl>
  <BtchHdr>
    <CustId>HOOSIER</CustId>
    <ProjId>NB</ProjId>
    <ScanBtchId>GRNB2017061000002</ScanBtchId>
    <SubmissionBtchId>GRNB2017061000002</SubmissionBtchId>
    <BtchScanType>FRESH</BtchScanType>
    <NumDocs>4</NumDocs>
    <NumBill>4</NumBill>
    <NumImgs>29</NumImgs>
    <TurnAround>24</TurnAround>
    <ScanDate>17161</ScanDate>
    <ScanBtchZipCreateDate>2017-06-10T11:34:14.0155471-06:00</ScanBtchZipCreateDate>
    <ReceiveDate>17161</ReceiveDate>
    <KeyOrg>FIRSTSOURCE</KeyOrg>
    <ScanOrg>FIRSTSOURCE</ScanOrg>
    <Scanner>1</Scanner>
    <BtchUser1 />
    <BtchUser2 />
    <BtchUser3 />
    <BtchUser4 />
    <BtchUser5 />
  </BtchHdr>
  <BtchDet>
    <Docs>
      <DocRec>
        <DocId />
        <PacketNo>2017061000001FS</PacketNo>
        <KeyType>P</KeyType>
        <GRReferenceID>054730207</GRReferenceID>
        <CertificateNumber />
        <ReceivedDate>2017-06-10T11:00:00</ReceivedDate>
        <ScanDate>2017-06-10T11:00:00</ScanDate>
        <TotalPages>18</TotalPages>
        <SourceType>P</SourceType>
        <DocumentFileType>TIFF</DocumentFileType>
        <TimesRequested>1</TimesRequested>
        <GRNoOfPages>18</GRNoOfPages>
        <PrepOffice>FIRSTSOURCE</PrepOffice>
        <Clerk>FIRSTSOURCE</Clerk>
        <MultipleProcess>01</MultipleProcess>
        <PADocumentType />
        <PADocumentDescription />
        <MFPADocumentType />
        <MFPADocumentDescription />
        <AssociatedPacketIDs>
          <AssociatedPacketID>
            <Value />
          </AssociatedPacketID>
        </AssociatedPacketIDs>
        <Pages>
          <Page>
            <PageNo>1</PageNo>
            <PartNo />
            <LiveCheck>YES</LiveCheck>
            <ListBill />
            <Copy />
            <ImgFileName>2017061000001FS_0001.TIFF</ImgFileName>
            <ImgStatus>OK</ImgStatus>
            <ImgType>ISHEET</ImgType>
          </Page>
          <Page>
            <PageNo>2</PageNo>
            <PartNo />
            <LiveCheck>YES</LiveCheck>
            <ListBill />
            <Copy />
            <ImgFileName>2017061000001FS_0002.TIFF</ImgFileName>
            <ImgStatus>OK</ImgStatus>
            <ImgType>UNKNOWN</ImgType>
          </Page>
          <Page>
            <PageNo>3</PageNo>
            <PartNo />
            <LiveCheck>YES</LiveCheck>
            <ListBill />
            <Copy />
            <ImgFileName>2017061000001FS_0003.TIFF</ImgFileName>
            <ImgStatus>OK</ImgStatus>
            <ImgType>UNKNOWN</ImgType>
          </Page>
          <Page>
            <PageNo>4</PageNo>
            <PartNo />
            <LiveCheck>YES</LiveCheck>
            <ListBill />
            <Copy />
            <ImgFileName>2017061000001FS_0004.TIFF</ImgFileName>
            <ImgStatus>OK</ImgStatus>
            <ImgType>UNKNOWN</ImgType>
          </Page>
          <Page>
            <PageNo>5</PageNo>
            <PartNo />
            <LiveCheck>YES</LiveCheck>
            <ListBill />
            <Copy />
            <ImgFileName>2017061000001FS_0005.TIFF</ImgFileName>
            <ImgStatus>OK</ImgStatus>
            <ImgType>UNKNOWN</ImgType>
          </Page>
          <Page>
            <PageNo>6</PageNo>
            <PartNo />
            <LiveCheck>YES</LiveCheck>
            <ListBill />
            <Copy />
            <ImgFileName>2017061000001FS_0006.TIFF</ImgFileName>
            <ImgStatus>OK</ImgStatus>
            <ImgType>UNKNOWN</ImgType>
          </Page>
          <Page>
            <PageNo>7</PageNo>
            <PartNo />
            <LiveCheck>YES</LiveCheck>
            <ListBill />
            <Copy />
            <ImgFileName>2017061000001FS_0007.TIFF</ImgFileName>
            <ImgStatus>OK</ImgStatus>
            <ImgType>UNKNOWN</ImgType>
          </Page>
          <Page>
            <PageNo>8</PageNo>
            <PartNo />
            <LiveCheck>YES</LiveCheck>
            <ListBill />
            <Copy />
            <ImgFileName>2017061000001FS_0008.TIFF</ImgFileName>
            <ImgStatus>OK</ImgStatus>
            <ImgType>UNKNOWN</ImgType>
          </Page>
          <Page>
            <PageNo>9</PageNo>
            <PartNo />
            <LiveCheck>YES</LiveCheck>
            <ListBill />
            <Copy />
            <ImgFileName>2017061000001FS_0009.TIFF</ImgFileName>
            <ImgStatus>OK</ImgStatus>
            <ImgType>UNKNOWN</ImgType>
          </Page>
          <Page>
            <PageNo>10</PageNo>
            <PartNo />
            <LiveCheck>YES</LiveCheck>
            <ListBill />
            <Copy />
            <ImgFileName>2017061000001FS_0010.TIFF</ImgFileName>
            <ImgStatus>OK</ImgStatus>
            <ImgType>UNKNOWN</ImgType>
          </Page>
          <Page>
            <PageNo>11</PageNo>
            <PartNo />
            <LiveCheck>YES</LiveCheck>
            <ListBill />
            <Copy />
            <ImgFileName>2017061000001FS_0011.TIFF</ImgFileName>
            <ImgStatus>OK</ImgStatus>
            <ImgType>UNKNOWN</ImgType>
          </Page>
          <Page>
            <PageNo>12</PageNo>
            <PartNo />
            <LiveCheck>YES</LiveCheck>
            <ListBill />
            <Copy />
            <ImgFileName>2017061000001FS_0012.TIFF</ImgFileName>
            <ImgStatus>OK</ImgStatus>
            <ImgType>UNKNOWN</ImgType>
          </Page>
          <Page>
            <PageNo>13</PageNo>
            <PartNo />
            <LiveCheck>YES</LiveCheck>
            <ListBill />
            <Copy />
            <ImgFileName>2017061000001FS_0013.TIFF</ImgFileName>
            <ImgStatus>OK</ImgStatus>
            <ImgType>UNKNOWN</ImgType>
          </Page>
          <Page>
            <PageNo>14</PageNo>
            <PartNo />
            <LiveCheck>YES</LiveCheck>
            <ListBill />
            <Copy />
            <ImgFileName>2017061000001FS_0014.TIFF</ImgFileName>
            <ImgStatus>OK</ImgStatus>
            <ImgType>UNKNOWN</ImgType>
          </Page>
          <Page>
            <PageNo>15</PageNo>
            <PartNo />
            <LiveCheck>YES</LiveCheck>
            <ListBill />
            <Copy />
            <ImgFileName>2017061000001FS_0015.TIFF</ImgFileName>
            <ImgStatus>OK</ImgStatus>
            <ImgType>UNKNOWN</ImgType>
          </Page>
          <Page>
            <PageNo>16</PageNo>
            <PartNo />
            <LiveCheck>YES</LiveCheck>
            <ListBill />
            <Copy />
            <ImgFileName>2017061000001FS_0016.TIFF</ImgFileName>
            <ImgStatus>OK</ImgStatus>
            <ImgType>UNKNOWN</ImgType>
          </Page>
          <Page>
            <PageNo>17</PageNo>
            <PartNo />
            <LiveCheck>YES</LiveCheck>
            <ListBill />
            <Copy />
            <ImgFileName>2017061000001FS_0017.TIFF</ImgFileName>
            <ImgStatus>OK</ImgStatus>
            <ImgType>UNKNOWN</ImgType>
          </Page>
          <Page>
            <PageNo>18</PageNo>
            <PartNo />
            <LiveCheck>YES</LiveCheck>
            <ListBill />
            <Copy />
            <ImgFileName>2017061000001FS_0018.TIFF</ImgFileName>
            <ImgStatus>OK</ImgStatus>
            <ImgType>UNKNOWN</ImgType>
          </Page>
        </Pages>
        <DocType>CORRESPONDENCE</DocType>
        <DocStatus>DONE</DocStatus>
        <Dcn>F17161_0004_004</Dcn>
        <DocUser1>2017061000001FS_0001.TIFF</DocUser1>
        <DocUser2>2017061000001FS_0018.TIFF</DocUser2>
        <DocUser3>\\usut-file2\ihbase-V5\imgdata01\HOOSIER\APPC\F17161_0004_00</DocUser3>
        <DocUser4>USER4</DocUser4>
        <DocUser5>USER5</DocUser5>
      </DocRec>
      <DocRec>
        <DocId />
        <PacketNo>2017061000002FS</PacketNo>
        <KeyType>P</KeyType>
        <GRReferenceID />
        <CertificateNumber />
        <ReceivedDate>2017-06-10T11:00:00</ReceivedDate>
        <ScanDate>2017-06-10T11:00:00</ScanDate>
        <TotalPages>3</TotalPages>
        <SourceType>P</SourceType>
        <DocumentFileType>TIFF</DocumentFileType>
        <TimesRequested>1</TimesRequested>
        <GRNoOfPages>3</GRNoOfPages>
        <PrepOffice>FIRSTSOURCE</PrepOffice>
        <Clerk>FIRSTSOURCE</Clerk>
        <MultipleProcess>01</MultipleProcess>
        <PADocumentType />
        <PADocumentDescription />
        <MFPADocumentType />
        <MFPADocumentDescription />
        <AssociatedPacketIDs>
          <AssociatedPacketID>
            <Value />
          </AssociatedPacketID>
        </AssociatedPacketIDs>
        <Pages>
          <Page>
            <PageNo>1</PageNo>
            <PartNo />
            <LiveCheck>YES</LiveCheck>
            <ListBill />
            <Copy />
            <ImgFileName>2017061000002FS_0001.TIFF</ImgFileName>
            <ImgStatus>OK</ImgStatus>
            <ImgType>ISHEET</ImgType>
          </Page>
          <Page>
            <PageNo>2</PageNo>
            <PartNo />
            <LiveCheck>YES</LiveCheck>
            <ListBill />
            <Copy />
            <ImgFileName>2017061000002FS_0002.TIFF</ImgFileName>
            <ImgStatus>OK</ImgStatus>
            <ImgType>UNKNOWN</ImgType>
          </Page>
          <Page>
            <PageNo>3</PageNo>
            <PartNo />
            <LiveCheck>YES</LiveCheck>
            <ListBill />
            <Copy />
            <ImgFileName>2017061000002FS_0003.TIFF</ImgFileName>
            <ImgStatus>OK</ImgStatus>
            <ImgType>UNKNOWN</ImgType>
          </Page>
        </Pages>
        <DocType>CORRESPONDENCE</DocType>
        <DocStatus>DONE</DocStatus>
        <Dcn>F17161_0010_005</Dcn>
        <DocUser1>2017061000002FS_0001.TIFF</DocUser1>
        <DocUser2>2017061000002FS_0003.TIFF</DocUser2>
        <DocUser3>\\usut-file2\ihbase-V5\imgdata01\HOOSIER\APPC\F17161_0010_00</DocUser3>
        <DocUser4>USER4</DocUser4>
        <DocUser5>USER5</DocUser5>
      </DocRec>
      <DocRec>
        <DocId />
        <PacketNo>2017061000003FS</PacketNo>
        <KeyType>P</KeyType>
        <GRReferenceID>094342871</GRReferenceID>
        <CertificateNumber />
        <ReceivedDate>2017-06-10T11:00:00</ReceivedDate>
        <ScanDate>2017-06-10T11:00:00</ScanDate>
        <TotalPages>4</TotalPages>
        <SourceType>P</SourceType>
        <DocumentFileType>TIFF</DocumentFileType>
        <TimesRequested>1</TimesRequested>
        <GRNoOfPages>4</GRNoOfPages>
        <PrepOffice>FIRSTSOURCE</PrepOffice>
        <Clerk>FIRSTSOURCE</Clerk>
        <MultipleProcess>01</MultipleProcess>
        <PADocumentType />
        <PADocumentDescription />
        <MFPADocumentType />
        <MFPADocumentDescription />
        <AssociatedPacketIDs>
          <AssociatedPacketID>
            <Value />
          </AssociatedPacketID>
        </AssociatedPacketIDs>
        <Pages>
          <Page>
            <PageNo>1</PageNo>
            <PartNo />
            <LiveCheck>YES</LiveCheck>
            <ListBill />
            <Copy />
            <ImgFileName>2017061000003FS_0001.TIFF</ImgFileName>
            <ImgStatus>OK</ImgStatus>
            <ImgType>ISHEET</ImgType>
          </Page>
          <Page>
            <PageNo>2</PageNo>
            <PartNo />
            <LiveCheck>YES</LiveCheck>
            <ListBill />
            <Copy />
            <ImgFileName>2017061000003FS_0002.TIFF</ImgFileName>
            <ImgStatus>OK</ImgStatus>
            <ImgType>UNKNOWN</ImgType>
          </Page>
          <Page>
            <PageNo>3</PageNo>
            <PartNo />
            <LiveCheck>YES</LiveCheck>
            <ListBill />
            <Copy />
            <ImgFileName>2017061000003FS_0003.TIFF</ImgFileName>
            <ImgStatus>OK</ImgStatus>
            <ImgType>UNKNOWN</ImgType>
          </Page>
          <Page>
            <PageNo>4</PageNo>
            <PartNo />
            <LiveCheck>YES</LiveCheck>
            <ListBill />
            <Copy />
            <ImgFileName>2017061000003FS_0004.TIFF</ImgFileName>
            <ImgStatus>OK</ImgStatus>
            <ImgType>UNKNOWN</ImgType>
          </Page>
        </Pages>
        <DocType>CORRESPONDENCE</DocType>
        <DocStatus>DONE</DocStatus>
        <Dcn>F17161_0010_017</Dcn>
        <DocUser1>2017061000003FS_0001.TIFF</DocUser1>
        <DocUser2>2017061000003FS_0004.TIFF</DocUser2>
        <DocUser3>\\usut-file2\ihbase-V5\imgdata01\HOOSIER\APPC\F17161_0010_00</DocUser3>
        <DocUser4>USER4</DocUser4>
        <DocUser5>USER5</DocUser5>
      </DocRec>
      <DocRec>
        <DocId />
        <PacketNo>2017061000004FS</PacketNo>
        <KeyType>P</KeyType>
        <GRReferenceID>094351771</GRReferenceID>
        <CertificateNumber />
        <ReceivedDate>2017-06-10T11:00:00</ReceivedDate>
        <ScanDate>2017-06-10T11:00:00</ScanDate>
        <TotalPages>4</TotalPages>
        <SourceType>P</SourceType>
        <DocumentFileType>TIFF</DocumentFileType>
        <TimesRequested>1</TimesRequested>
        <GRNoOfPages>4</GRNoOfPages>
        <PrepOffice>FIRSTSOURCE</PrepOffice>
        <Clerk>FIRSTSOURCE</Clerk>
        <MultipleProcess>01</MultipleProcess>
        <PADocumentType />
        <PADocumentDescription />
        <MFPADocumentType />
        <MFPADocumentDescription />
        <AssociatedPacketIDs>
          <AssociatedPacketID>
            <Value />
          </AssociatedPacketID>
        </AssociatedPacketIDs>
        <Pages>
          <Page>
            <PageNo>1</PageNo>
            <PartNo />
            <LiveCheck>YES</LiveCheck>
            <ListBill />
            <Copy />
            <ImgFileName>2017061000004FS_0001.TIFF</ImgFileName>
            <ImgStatus>OK</ImgStatus>
            <ImgType>ISHEET</ImgType>
          </Page>
          <Page>
            <PageNo>2</PageNo>
            <PartNo />
            <LiveCheck>YES</LiveCheck>
            <ListBill />
            <Copy />
            <ImgFileName>2017061000004FS_0002.TIFF</ImgFileName>
            <ImgStatus>OK</ImgStatus>
            <ImgType>UNKNOWN</ImgType>
          </Page>
          <Page>
            <PageNo>3</PageNo>
            <PartNo />
            <LiveCheck>YES</LiveCheck>
            <ListBill />
            <Copy />
            <ImgFileName>2017061000004FS_0003.TIFF</ImgFileName>
            <ImgStatus>OK</ImgStatus>
            <ImgType>UNKNOWN</ImgType>
          </Page>
          <Page>
            <PageNo>4</PageNo>
            <PartNo />
            <LiveCheck>YES</LiveCheck>
            <ListBill />
            <Copy />
            <ImgFileName>2017061000004FS_0004.TIFF</ImgFileName>
            <ImgStatus>OK</ImgStatus>
            <ImgType>UNKNOWN</ImgType>
          </Page>
        </Pages>
        <DocType>CORRESPONDENCE</DocType>
        <DocStatus>DONE</DocStatus>
        <Dcn>F17161_0010_018</Dcn>
        <DocUser1>2017061000004FS_0001.TIFF</DocUser1>
        <DocUser2>2017061000004FS_0004.TIFF</DocUser2>
        <DocUser3>\\usut-file2\ihbase-V5\imgdata01\HOOSIER\APPC\F17161_0010_00</DocUser3>
        <DocUser4>USER4</DocUser4>
        <DocUser5>USER5</DocUser5>
      </DocRec>
    </Docs>
  </BtchDet>
</BtchCntl>