<?xml version="1.0"?>

-<BtchCntl>


-<BtchHdr>

<CustId>HOOSIER</CustId>

<ProjId>NB</ProjId>

<ScanBtchId>GRNB2017031700070</ScanBtchId>

<SubmissionBtchId>GRNB2017031700070</SubmissionBtchId>

<BtchScanType>FRESH</BtchScanType>

<NumDocs>1</NumDocs>

<NumBill>1</NumBill>

<NumImgs>4</NumImgs>

<TurnAround>24</TurnAround>

<ScanDate>17076</ScanDate>

<ScanBtchZipCreateDate>2017-03-18T09:44:20.7890469-06:00</ScanBtchZipCreateDate>

<ReceiveDate>17076</ReceiveDate>

<KeyOrg>FIRSTSOURCE</KeyOrg>

<ScanOrg>FIRSTSOURCE</ScanOrg>

<Scanner>1</Scanner>

<BtchUser1/>

<BtchUser2/>

<BtchUser3/>

<BtchUser4/>

<BtchUser5/>

</BtchHdr>


-<BtchDet>


-<Docs>


-<DocRec>

<DocId/>

<PacketNo>2017031700329FS</PacketNo>

<KeyType>P</KeyType>

<GRReferenceID/>

<CertificateNumber/>

<ReceivedDate>2017-03-17T18:49:55</ReceivedDate>

<ScanDate>2017-03-17T18:49:55</ScanDate>

<TotalPages>4</TotalPages>

<SourceType>F</SourceType>

<DocumentFileType>TIFF</DocumentFileType>

<TimesRequested>1</TimesRequested>

<GRNoOfPages>4</GRNoOfPages>

<PrepOffice>FIRSTSOURCE</PrepOffice>

<Clerk>FIRSTSOURCE</Clerk>

<MultipleProcess>01</MultipleProcess>

<PADocumentType/>

<PADocumentDescription/>

<MFPADocumentType/>

<MFPADocumentDescription/>


-<AssociatedPacketIDs>


-<AssociatedPacketID>

<Value/>

</AssociatedPacketID>

</AssociatedPacketIDs>


-<Pages>


-<Page>

<PageNo>1</PageNo>

<PartNo/>

<LiveCheck>Select</LiveCheck>

<ListBill/>

<Copy/>

<ImgFileName>2017031700329FS_0001.TIFF</ImgFileName>

<ImgStatus>OK</ImgStatus>

<ImgType>ISHEET</ImgType>

</Page>


-<Page>

<PageNo>2</PageNo>

<PartNo/>

<LiveCheck>Select</LiveCheck>

<ListBill/>

<Copy/>

<ImgFileName>2017031700329FS_0002.TIFF</ImgFileName>

<ImgStatus>OK</ImgStatus>

<ImgType>NULL</ImgType>

</Page>


-<Page>

<PageNo>3</PageNo>

<PartNo>230F-UHA-1216</PartNo>

<LiveCheck>Select</LiveCheck>

<ListBill/>

<Copy/>

<ImgFileName>2017031700329FS_0003.TIFF</ImgFileName>

<ImgStatus>OK</ImgStatus>

<ImgType>APPL</ImgType>

</Page>


-<Page>

<PageNo>4</PageNo>

<PartNo>230F-UHA-1216</PartNo>

<LiveCheck>Select</LiveCheck>

<ListBill/>

<Copy/>

<ImgFileName>2017031700329FS_0004.TIFF</ImgFileName>

<ImgStatus>OK</ImgStatus>

<ImgType>APPL</ImgType>

</Page>

</Pages>

<DocType>APPLICATION</DocType>

<DocStatus>DONE</DocStatus>

<Dcn>F17076_0035_001</Dcn>

<DocUser1>2017031700329FS_0001.TIFF</DocUser1>

<DocUser2>2017031700329FS_0004.TIFF</DocUser2>

<DocUser3>\\usut-file2\Ihbase-V5\imgdata01\HOOSIER\FAX\F17076_0035_00</DocUser3>

<DocUser4>USER4</DocUser4>

<DocUser5>USER5</DocUser5>

</DocRec>


</Docs>

</BtchDet>

</BtchCntl>