<?xml version="1.0"?>
<BtchCntl>
  <BtchHdr>
    <CustId>HOOSIER</CustId>
    <ProjId>NB</ProjId>
    <ScanBtchId>GRNB2017072600050</ScanBtchId>
    <SubmissionBtchId>GRNB2017072600050</SubmissionBtchId>
    <BtchScanType>FRESH</BtchScanType>
    <NumDocs>20</NumDocs>
    <NumBill>20</NumBill>
    <NumImgs>145</NumImgs>
    <TurnAround>24</TurnAround>
    <ScanDate>17207</ScanDate>
    <ScanBtchZipCreateDate>2017-07-26T16:43:46.1696394-06:00</ScanBtchZipCreateDate>
    <ReceiveDate>17207</ReceiveDate>
    <KeyOrg>FIRSTSOURCE</KeyOrg>
    <ScanOrg>FIRSTSOURCE</ScanOrg>
    <Scanner>1</Scanner>
    <BtchUser1 />
    <BtchUser2 />
    <BtchUser3 />
    <BtchUser4 />
    <BtchUser5 />
  </BtchHdr>
  <BtchDet>
    <Docs>
      <DocRec>
        <DocId />
        <PacketNo>2017072600272FS</PacketNo>
        <KeyType>P</KeyType>
        <GRReferenceID>434254515</GRReferenceID>
        <CertificateNumber />
        <ReceivedDate>2017-07-26T09:58:20</ReceivedDate>
        <ScanDate>2017-07-26T09:58:20</ScanDate>
        <TotalPages>8</TotalPages>
        <SourceType>F</SourceType>
        <DocumentFileType>TIFF</DocumentFileType>
        <TimesRequested>1</TimesRequested>
        <GRNoOfPages>8</GRNoOfPages>
        <PrepOffice>FIRSTSOURCE</PrepOffice>
        <Clerk>FIRSTSOURCE</Clerk>
        <MultipleProcess>01</MultipleProcess>
        <PADocumentType />
        <PADocumentDescription />
        <MFPADocumentType />
        <MFPADocumentDescription />
        <AssociatedPacketIDs>
          <AssociatedPacketID>
            <Value />
          </AssociatedPacketID>
        </AssociatedPacketIDs>
        <Pages>
          <Page>
            <PageNo>1</PageNo>
            <PartNo />
            <LiveCheck>Select</LiveCheck>
            <ListBill />
            <Copy />
            <ImgFileName>2017072600272FS_0001.TIFF</ImgFileName>
            <ImgStatus>OK</ImgStatus>
            <ImgType>ISHEET</ImgType>
          </Page>
          <Page>
            <PageNo>2</PageNo>
            <PartNo />
            <LiveCheck>Select</LiveCheck>
            <ListBill />
            <Copy />
            <ImgFileName>2017072600272FS_0002.TIFF</ImgFileName>
            <ImgStatus>OK</ImgStatus>
            <ImgType>NULL</ImgType>
          </Page>
          <Page>
            <PageNo>3</PageNo>
            <PartNo/>
            <LiveCheck>Select</LiveCheck>
            <ListBill />
            <Copy />
            <ImgFileName>2017072600272FS_0003.TIFF</ImgFileName>
            <ImgStatus>OK</ImgStatus>
            <ImgType>APPL</ImgType>
          </Page>
          <Page>
            <PageNo>4</PageNo>
            <PartNo/>
            <LiveCheck>Select</LiveCheck>
            <ListBill />
            <Copy />
            <ImgFileName>2017072600272FS_0004.TIFF</ImgFileName>
            <ImgStatus>OK</ImgStatus>
            <ImgType>APPL</ImgType>
          </Page>
          <Page>
            <PageNo>5</PageNo>
            <PartNo/>
            <LiveCheck>Select</LiveCheck>
            <ListBill />
            <Copy />
            <ImgFileName>2017072600272FS_0005.TIFF</ImgFileName>
            <ImgStatus>OK</ImgStatus>
            <ImgType>APPL</ImgType>
          </Page>
          <Page>
            <PageNo>6</PageNo>
            <PartNo/>
            <LiveCheck>Select</LiveCheck>
            <ListBill />
            <Copy />
            <ImgFileName>2017072600272FS_0006.TIFF</ImgFileName>
            <ImgStatus>OK</ImgStatus>
            <ImgType>APPL</ImgType>
          </Page>
          <Page>
            <PageNo>7</PageNo>
            <PartNo/>
            <LiveCheck>Select</LiveCheck>
            <ListBill />
            <Copy />
            <ImgFileName>2017072600272FS_0007.TIFF</ImgFileName>
            <ImgStatus>OK</ImgStatus>
            <ImgType>APPL</ImgType>
          </Page>
          <Page>
            <PageNo>8</PageNo>
            <PartNo/>
            <LiveCheck>Select</LiveCheck>
            <ListBill />
            <Copy />
            <ImgFileName>2017072600272FS_0008.TIFF</ImgFileName>
            <ImgStatus>OK</ImgStatus>
            <ImgType>APPL</ImgType>
          </Page>
        </Pages>
        <DocType>SPEC</DocType>
        <DocStatus>DONE</DocStatus>
        <Dcn>F17207_0013_001</Dcn>
        <DocUser1>2017072600272FS_0001.TIFF</DocUser1>
        <DocUser2>2017072600272FS_0008.TIFF</DocUser2>
        <DocUser3>\\usut-file2\Ihbase-V5\imgdata01\HOOSIER\FAX\F17207_0013_00</DocUser3>
        <DocUser4>USER4</DocUser4>
        <DocUser5>USER5</DocUser5>
      </DocRec>
      <DocRec>
        <DocId />
        <PacketNo>2017072600273FS</PacketNo>
        <KeyType>P</KeyType>
        <GRReferenceID />
        <CertificateNumber />
        <ReceivedDate>2017-07-26T10:03:02</ReceivedDate>
        <ScanDate>2017-07-26T10:03:02</ScanDate>
        <TotalPages>6</TotalPages>
        <SourceType>F</SourceType>
        <DocumentFileType>TIFF</DocumentFileType>
        <TimesRequested>1</TimesRequested>
        <GRNoOfPages>6</GRNoOfPages>
        <PrepOffice>FIRSTSOURCE</PrepOffice>
        <Clerk>FIRSTSOURCE</Clerk>
        <MultipleProcess>01</MultipleProcess>
        <PADocumentType />
        <PADocumentDescription />
        <MFPADocumentType />
        <MFPADocumentDescription />
        <AssociatedPacketIDs>
          <AssociatedPacketID>
            <Value />
          </AssociatedPacketID>
        </AssociatedPacketIDs>
        <Pages>
          <Page>
            <PageNo>1</PageNo>
            <PartNo />
            <LiveCheck>Select</LiveCheck>
            <ListBill />
            <Copy />
            <ImgFileName>2017072600273FS_0001.TIFF</ImgFileName>
            <ImgStatus>OK</ImgStatus>
            <ImgType>ISHEET</ImgType>
          </Page>
          <Page>
            <PageNo>2</PageNo>
            <PartNo />
            <LiveCheck>Select</LiveCheck>
            <ListBill />
            <Copy />
            <ImgFileName>2017072600273FS_0002.TIFF</ImgFileName>
            <ImgStatus>OK</ImgStatus>
            <ImgType>NULL</ImgType>
          </Page>
          <Page>
            <PageNo>3</PageNo>
            <PartNo>874E-G-0717</PartNo>
            <LiveCheck>Select</LiveCheck>
            <ListBill />
            <Copy />
            <ImgFileName>2017072600273FS_0003.TIFF</ImgFileName>
            <ImgStatus>OK</ImgStatus>
            <ImgType>APPL</ImgType>
          </Page>
          <Page>
            <PageNo>4</PageNo>
            <PartNo>874E-G-0717</PartNo>
            <LiveCheck>Select</LiveCheck>
            <ListBill />
            <Copy />
            <ImgFileName>2017072600273FS_0004.TIFF</ImgFileName>
            <ImgStatus>OK</ImgStatus>
            <ImgType>APPL</ImgType>
          </Page>
          <Page>
            <PageNo>5</PageNo>
            <PartNo>874E-G-0717</PartNo>
            <LiveCheck>Select</LiveCheck>
            <ListBill />
            <Copy />
            <ImgFileName>2017072600273FS_0005.TIFF</ImgFileName>
            <ImgStatus>OK</ImgStatus>
            <ImgType>APPL</ImgType>
          </Page>
          <Page>
            <PageNo>6</PageNo>
            <PartNo>874E-G-0717</PartNo>
            <LiveCheck>Select</LiveCheck>
            <ListBill />
            <Copy />
            <ImgFileName>2017072600273FS_0006.TIFF</ImgFileName>
            <ImgStatus>OK</ImgStatus>
            <ImgType>APPL</ImgType>
          </Page>
        </Pages>
        <DocType>APPLICATION</DocType>
        <DocStatus>DONE</DocStatus>
        <Dcn>F17207_0013_002</Dcn>
        <DocUser1>2017072600273FS_0001.TIFF</DocUser1>
        <DocUser2>2017072600273FS_0006.TIFF</DocUser2>
        <DocUser3>\\usut-file2\Ihbase-V5\imgdata01\HOOSIER\FAX\F17207_0013_00</DocUser3>
        <DocUser4>USER4</DocUser4>
        <DocUser5>USER5</DocUser5>
      </DocRec>
      <DocRec>
        <DocId />
        <PacketNo>2017072600274FS</PacketNo>
        <KeyType>P</KeyType>
        <GRReferenceID>494254515</GRReferenceID>
        <CertificateNumber />
        <ReceivedDate>2017-07-26T10:32:21</ReceivedDate>
        <ScanDate>2017-07-26T10:32:21</ScanDate>
        <TotalPages>8</TotalPages>
        <SourceType>F</SourceType>
        <DocumentFileType>TIFF</DocumentFileType>
        <TimesRequested>1</TimesRequested>
        <GRNoOfPages>8</GRNoOfPages>
        <PrepOffice>FIRSTSOURCE</PrepOffice>
        <Clerk>FIRSTSOURCE</Clerk>
        <MultipleProcess>01</MultipleProcess>
        <PADocumentType />
        <PADocumentDescription />
        <MFPADocumentType />
        <MFPADocumentDescription />
        <AssociatedPacketIDs>
          <AssociatedPacketID>
            <Value />
          </AssociatedPacketID>
        </AssociatedPacketIDs>
        <Pages>
          <Page>
            <PageNo>1</PageNo>
            <PartNo />
            <LiveCheck>Select</LiveCheck>
            <ListBill />
            <Copy />
            <ImgFileName>2017072600274FS_0001.TIFF</ImgFileName>
            <ImgStatus>OK</ImgStatus>
            <ImgType>ISHEET</ImgType>
          </Page>
          <Page>
            <PageNo>2</PageNo>
            <PartNo />
            <LiveCheck>Select</LiveCheck>
            <ListBill />
            <Copy />
            <ImgFileName>2017072600274FS_0002.TIFF</ImgFileName>
            <ImgStatus>OK</ImgStatus>
            <ImgType>APPL</ImgType>
          </Page>
          <Page>
            <PageNo>3</PageNo>
            <PartNo />
            <LiveCheck>Select</LiveCheck>
            <ListBill />
            <Copy />
            <ImgFileName>2017072600274FS_0003.TIFF</ImgFileName>
            <ImgStatus>OK</ImgStatus>
            <ImgType>APPL</ImgType>
          </Page>
          <Page>
            <PageNo>4</PageNo>
            <PartNo />
            <LiveCheck>Select</LiveCheck>
            <ListBill />
            <Copy />
            <ImgFileName>2017072600274FS_0004.TIFF</ImgFileName>
            <ImgStatus>OK</ImgStatus>
            <ImgType>APPL</ImgType>
          </Page>
          <Page>
            <PageNo>5</PageNo>
            <PartNo />
            <LiveCheck>Select</LiveCheck>
            <ListBill />
            <Copy />
            <ImgFileName>2017072600274FS_0005.TIFF</ImgFileName>
            <ImgStatus>OK</ImgStatus>
            <ImgType>APPL</ImgType>
          </Page>
          <Page>
            <PageNo>6</PageNo>
            <PartNo />
            <LiveCheck>Select</LiveCheck>
            <ListBill />
            <Copy />
            <ImgFileName>2017072600274FS_0006.TIFF</ImgFileName>
            <ImgStatus>OK</ImgStatus>
            <ImgType>APPL</ImgType>
          </Page>
          <Page>
            <PageNo>7</PageNo>
            <PartNo />
            <LiveCheck>Select</LiveCheck>
            <ListBill />
            <Copy />
            <ImgFileName>2017072600274FS_0007.TIFF</ImgFileName>
            <ImgStatus>OK</ImgStatus>
            <ImgType>NULL</ImgType>
          </Page>
          <Page>
            <PageNo>8</PageNo>
            <PartNo />
            <LiveCheck>Select</LiveCheck>
            <ListBill />
            <Copy />
            <ImgFileName>2017072600274FS_0008.TIFF</ImgFileName>
            <ImgStatus>OK</ImgStatus>
            <ImgType>NULL</ImgType>
          </Page>
        </Pages>
        <DocType>CORRESPONDENCE</DocType>
        <DocStatus>DONE</DocStatus>
        <Dcn>F17207_0016_002</Dcn>
        <DocUser1>2017072600274FS_0001.TIFF</DocUser1>
        <DocUser2>2017072600274FS_0008.TIFF</DocUser2>
        <DocUser3>\\usut-file2\Ihbase-V5\imgdata01\HOOSIER\FAX\F17207_0016_00</DocUser3>
        <DocUser4>USER4</DocUser4>
        <DocUser5>USER5</DocUser5>
      </DocRec>
      <DocRec>
        <DocId />
        <PacketNo>2017072600275FS</PacketNo>
        <KeyType>P</KeyType>
        <GRReferenceID>694254515</GRReferenceID>
        <CertificateNumber />
        <ReceivedDate>2017-07-26T10:36:26</ReceivedDate>
        <ScanDate>2017-07-26T10:36:26</ScanDate>
        <TotalPages>8</TotalPages>
        <SourceType>F</SourceType>
        <DocumentFileType>TIFF</DocumentFileType>
        <TimesRequested>1</TimesRequested>
        <GRNoOfPages>8</GRNoOfPages>
        <PrepOffice>FIRSTSOURCE</PrepOffice>
        <Clerk>FIRSTSOURCE</Clerk>
        <MultipleProcess>01</MultipleProcess>
        <PADocumentType />
        <PADocumentDescription />
        <MFPADocumentType />
        <MFPADocumentDescription />
        <AssociatedPacketIDs>
          <AssociatedPacketID>
            <Value />
          </AssociatedPacketID>
        </AssociatedPacketIDs>
        <Pages>
          <Page>
            <PageNo>1</PageNo>
            <PartNo />
            <LiveCheck>Select</LiveCheck>
            <ListBill />
            <Copy />
            <ImgFileName>2017072600275FS_0001.TIFF</ImgFileName>
            <ImgStatus>OK</ImgStatus>
            <ImgType>ISHEET</ImgType>
          </Page>
          <Page>
            <PageNo>2</PageNo>
            <PartNo />
            <LiveCheck>Select</LiveCheck>
            <ListBill />
            <Copy />
            <ImgFileName>2017072600275FS_0002.TIFF</ImgFileName>
            <ImgStatus>OK</ImgStatus>
            <ImgType>NULL</ImgType>
          </Page>
          <Page>
            <PageNo>3</PageNo>
            <PartNo />
            <LiveCheck>Select</LiveCheck>
            <ListBill />
            <Copy />
            <ImgFileName>2017072600275FS_0003.TIFF</ImgFileName>
            <ImgStatus>OK</ImgStatus>
            <ImgType>APPL</ImgType>
          </Page>
          <Page>
            <PageNo>4</PageNo>
            <PartNo />
            <LiveCheck>Select</LiveCheck>
            <ListBill />
            <Copy />
            <ImgFileName>2017072600275FS_0004.TIFF</ImgFileName>
            <ImgStatus>OK</ImgStatus>
            <ImgType>APPL</ImgType>
          </Page>
          <Page>
            <PageNo>5</PageNo>
            <PartNo />
            <LiveCheck>Select</LiveCheck>
            <ListBill />
            <Copy />
            <ImgFileName>2017072600275FS_0005.TIFF</ImgFileName>
            <ImgStatus>OK</ImgStatus>
            <ImgType>APPL</ImgType>
          </Page>
          <Page>
            <PageNo>6</PageNo>
            <PartNo />
            <LiveCheck>Select</LiveCheck>
            <ListBill />
            <Copy />
            <ImgFileName>2017072600275FS_0006.TIFF</ImgFileName>
            <ImgStatus>OK</ImgStatus>
            <ImgType>APPL</ImgType>
          </Page>
          <Page>
            <PageNo>7</PageNo>
            <PartNo />
            <LiveCheck>Select</LiveCheck>
            <ListBill />
            <Copy />
            <ImgFileName>2017072600275FS_0007.TIFF</ImgFileName>
            <ImgStatus>OK</ImgStatus>
            <ImgType>NULL</ImgType>
          </Page>
          <Page>
            <PageNo>8</PageNo>
            <PartNo />
            <LiveCheck>Select</LiveCheck>
            <ListBill />
            <Copy />
            <ImgFileName>2017072600275FS_0008.TIFF</ImgFileName>
            <ImgStatus>OK</ImgStatus>
            <ImgType>NULL</ImgType>
          </Page>
        </Pages>
        <DocType>CORRESPONDENCE</DocType>
        <DocStatus>DONE</DocStatus>
        <Dcn>F17207_0016_004</Dcn>
        <DocUser1>2017072600275FS_0001.TIFF</DocUser1>
        <DocUser2>2017072600275FS_0008.TIFF</DocUser2>
        <DocUser3>\\usut-file2\Ihbase-V5\imgdata01\HOOSIER\FAX\F17207_0016_00</DocUser3>
        <DocUser4>USER4</DocUser4>
        <DocUser5>USER5</DocUser5>
      </DocRec>
      <DocRec>
        <DocId />
        <PacketNo>2017072600276FS</PacketNo>
        <KeyType>P</KeyType>
        <GRReferenceID>794254515</GRReferenceID>
        <CertificateNumber />
        <ReceivedDate>2017-07-26T10:38:32</ReceivedDate>
        <ScanDate>2017-07-26T10:38:32</ScanDate>
        <TotalPages>9</TotalPages>
        <SourceType>F</SourceType>
        <DocumentFileType>TIFF</DocumentFileType>
        <TimesRequested>1</TimesRequested>
        <GRNoOfPages>9</GRNoOfPages>
        <PrepOffice>FIRSTSOURCE</PrepOffice>
        <Clerk>FIRSTSOURCE</Clerk>
        <MultipleProcess>01</MultipleProcess>
        <PADocumentType />
        <PADocumentDescription />
        <MFPADocumentType />
        <MFPADocumentDescription />
        <AssociatedPacketIDs>
          <AssociatedPacketID>
            <Value />
          </AssociatedPacketID>
        </AssociatedPacketIDs>
        <Pages>
          <Page>
            <PageNo>1</PageNo>
            <PartNo />
            <LiveCheck>Select</LiveCheck>
            <ListBill />
            <Copy />
            <ImgFileName>2017072600276FS_0001.TIFF</ImgFileName>
            <ImgStatus>OK</ImgStatus>
            <ImgType>ISHEET</ImgType>
          </Page>
          <Page>
            <PageNo>2</PageNo>
            <PartNo />
            <LiveCheck>Select</LiveCheck>
            <ListBill />
            <Copy />
            <ImgFileName>2017072600276FS_0002.TIFF</ImgFileName>
            <ImgStatus>OK</ImgStatus>
            <ImgType>APPL</ImgType>
          </Page>
          <Page>
            <PageNo>3</PageNo>
            <PartNo />
            <LiveCheck>Select</LiveCheck>
            <ListBill />
            <Copy />
            <ImgFileName>2017072600276FS_0003.TIFF</ImgFileName>
            <ImgStatus>OK</ImgStatus>
            <ImgType>APPL</ImgType>
          </Page>
          <Page>
            <PageNo>4</PageNo>
            <PartNo />
            <LiveCheck>Select</LiveCheck>
            <ListBill />
            <Copy />
            <ImgFileName>2017072600276FS_0004.TIFF</ImgFileName>
            <ImgStatus>OK</ImgStatus>
            <ImgType>APPL</ImgType>
          </Page>
          <Page>
            <PageNo>5</PageNo>
            <PartNo />
            <LiveCheck>Select</LiveCheck>
            <ListBill />
            <Copy />
            <ImgFileName>2017072600276FS_0005.TIFF</ImgFileName>
            <ImgStatus>OK</ImgStatus>
            <ImgType>APPL</ImgType>
          </Page>
          <Page>
            <PageNo>6</PageNo>
            <PartNo />
            <LiveCheck>Select</LiveCheck>
            <ListBill />
            <Copy />
            <ImgFileName>2017072600276FS_0006.TIFF</ImgFileName>
            <ImgStatus>OK</ImgStatus>
            <ImgType>APPL</ImgType>
          </Page>
          <Page>
            <PageNo>7</PageNo>
            <PartNo />
            <LiveCheck>Select</LiveCheck>
            <ListBill />
            <Copy />
            <ImgFileName>2017072600276FS_0007.TIFF</ImgFileName>
            <ImgStatus>OK</ImgStatus>
            <ImgType>APPL</ImgType>
          </Page>
          <Page>
            <PageNo>8</PageNo>
            <PartNo />
            <LiveCheck>Select</LiveCheck>
            <ListBill />
            <Copy />
            <ImgFileName>2017072600276FS_0008.TIFF</ImgFileName>
            <ImgStatus>OK</ImgStatus>
            <ImgType>APPL</ImgType>
          </Page>
          <Page>
            <PageNo>9</PageNo>
            <PartNo />
            <LiveCheck>Select</LiveCheck>
            <ListBill />
            <Copy />
            <ImgFileName>2017072600276FS_0009.TIFF</ImgFileName>
            <ImgStatus>OK</ImgStatus>
            <ImgType>APPL</ImgType>
          </Page>
        </Pages>
        <DocType>GENERAL</DocType>
        <DocStatus>DONE</DocStatus>
        <Dcn>F17207_0016_005</Dcn>
        <DocUser1>2017072600276FS_0001.TIFF</DocUser1>
        <DocUser2>2017072600276FS_0009.TIFF</DocUser2>
        <DocUser3>\\usut-file2\Ihbase-V5\imgdata01\HOOSIER\FAX\F17207_0016_00</DocUser3>
        <DocUser4>USER4</DocUser4>
        <DocUser5>USER5</DocUser5>
      </DocRec>
      <DocRec>
        <DocId />
        <PacketNo>2017072600277FS</PacketNo>
        <KeyType>P</KeyType>
        <GRReferenceID />
        <CertificateNumber />
        <ReceivedDate>2017-07-26T10:41:56</ReceivedDate>
        <ScanDate>2017-07-26T10:41:56</ScanDate>
        <TotalPages>5</TotalPages>
        <SourceType>F</SourceType>
        <DocumentFileType>TIFF</DocumentFileType>
        <TimesRequested>1</TimesRequested>
        <GRNoOfPages>5</GRNoOfPages>
        <PrepOffice>FIRSTSOURCE</PrepOffice>
        <Clerk>FIRSTSOURCE</Clerk>
        <MultipleProcess>01</MultipleProcess>
        <PADocumentType />
        <PADocumentDescription />
        <MFPADocumentType />
        <MFPADocumentDescription />
        <AssociatedPacketIDs>
          <AssociatedPacketID>
            <Value />
          </AssociatedPacketID>
        </AssociatedPacketIDs>
        <Pages>
          <Page>
            <PageNo>1</PageNo>
            <PartNo />
            <LiveCheck>Select</LiveCheck>
            <ListBill />
            <Copy />
            <ImgFileName>2017072600277FS_0001.TIFF</ImgFileName>
            <ImgStatus>OK</ImgStatus>
            <ImgType>ISHEET</ImgType>
          </Page>
          <Page>
            <PageNo>2</PageNo>
            <PartNo />
            <LiveCheck>Select</LiveCheck>
            <ListBill />
            <Copy />
            <ImgFileName>2017072600277FS_0002.TIFF</ImgFileName>
            <ImgStatus>OK</ImgStatus>
            <ImgType>NULL</ImgType>
          </Page>
          <Page>
            <PageNo>3</PageNo>
            <PartNo>230F-UHA-1216</PartNo>
            <LiveCheck>Select</LiveCheck>
            <ListBill />
            <Copy />
            <ImgFileName>2017072600277FS_0003.TIFF</ImgFileName>
            <ImgStatus>OK</ImgStatus>
            <ImgType>APPL</ImgType>
          </Page>
          <Page>
            <PageNo>4</PageNo>
            <PartNo>230F-UHA-1216</PartNo>
            <LiveCheck>Select</LiveCheck>
            <ListBill />
            <Copy />
            <ImgFileName>2017072600277FS_0004.TIFF</ImgFileName>
            <ImgStatus>OK</ImgStatus>
            <ImgType>APPL</ImgType>
          </Page>
          <Page>
            <PageNo>5</PageNo>
            <PartNo />
            <LiveCheck>Select</LiveCheck>
            <ListBill />
            <Copy />
            <ImgFileName>2017072600277FS_0005.TIFF</ImgFileName>
            <ImgStatus>OK</ImgStatus>
            <ImgType>NULL</ImgType>
          </Page>
        </Pages>
        <DocType>APPLICATION</DocType>
        <DocStatus>DONE</DocStatus>
        <Dcn>F17207_0016_006</Dcn>
        <DocUser1>2017072600277FS_0001.TIFF</DocUser1>
        <DocUser2>2017072600277FS_0005.TIFF</DocUser2>
        <DocUser3>\\usut-file2\Ihbase-V5\imgdata01\HOOSIER\FAX\F17207_0016_00</DocUser3>
        <DocUser4>USER4</DocUser4>
        <DocUser5>USER5</DocUser5>
      </DocRec>
      <DocRec>
        <DocId />
        <PacketNo>2017072600278FS</PacketNo>
        <KeyType>P</KeyType>
        <GRReferenceID />
        <CertificateNumber />
        <ReceivedDate>2017-07-26T10:48:28</ReceivedDate>
        <ScanDate>2017-07-26T10:48:28</ScanDate>
        <TotalPages>4</TotalPages>
        <SourceType>F</SourceType>
        <DocumentFileType>TIFF</DocumentFileType>
        <TimesRequested>1</TimesRequested>
        <GRNoOfPages>4</GRNoOfPages>
        <PrepOffice>FIRSTSOURCE</PrepOffice>
        <Clerk>FIRSTSOURCE</Clerk>
        <MultipleProcess>01</MultipleProcess>
        <PADocumentType />
        <PADocumentDescription />
        <MFPADocumentType />
        <MFPADocumentDescription />
        <AssociatedPacketIDs>
          <AssociatedPacketID>
            <Value />
          </AssociatedPacketID>
        </AssociatedPacketIDs>
        <Pages>
          <Page>
            <PageNo>1</PageNo>
            <PartNo />
            <LiveCheck>Select</LiveCheck>
            <ListBill />
            <Copy />
            <ImgFileName>2017072600278FS_0001.TIFF</ImgFileName>
            <ImgStatus>OK</ImgStatus>
            <ImgType>ISHEET</ImgType>
          </Page>
          <Page>
            <PageNo>2</PageNo>
            <PartNo />
            <LiveCheck>Select</LiveCheck>
            <ListBill />
            <Copy />
            <ImgFileName>2017072600278FS_0002.TIFF</ImgFileName>
            <ImgStatus>OK</ImgStatus>
            <ImgType>NULL</ImgType>
          </Page>
          <Page>
            <PageNo>3</PageNo>
            <PartNo>414F-G-0317</PartNo>
            <LiveCheck>Select</LiveCheck>
            <ListBill />
            <Copy />
            <ImgFileName>2017072600278FS_0003.TIFF</ImgFileName>
            <ImgStatus>OK</ImgStatus>
            <ImgType>APPL</ImgType>
          </Page>
          <Page>
            <PageNo>4</PageNo>
            <PartNo>414F-G-0317</PartNo>
            <LiveCheck>Select</LiveCheck>
            <ListBill />
            <Copy />
            <ImgFileName>2017072600278FS_0004.TIFF</ImgFileName>
            <ImgStatus>OK</ImgStatus>
            <ImgType>APPL</ImgType>
          </Page>
        </Pages>
        <DocType>APPLICATION</DocType>
        <DocStatus>DONE</DocStatus>
        <Dcn>F17207_0016_007</Dcn>
        <DocUser1>2017072600278FS_0001.TIFF</DocUser1>
        <DocUser2>2017072600278FS_0004.TIFF</DocUser2>
        <DocUser3>\\usut-file2\Ihbase-V5\imgdata01\HOOSIER\FAX\F17207_0016_00</DocUser3>
        <DocUser4>USER4</DocUser4>
        <DocUser5>USER5</DocUser5>
      </DocRec>
      <DocRec>
        <DocId />
        <PacketNo>2017072600279FS</PacketNo>
        <KeyType>P</KeyType>
        <GRReferenceID />
        <CertificateNumber />
        <ReceivedDate>2017-07-26T10:59:07</ReceivedDate>
        <ScanDate>2017-07-26T10:59:07</ScanDate>
        <TotalPages>8</TotalPages>
        <SourceType>F</SourceType>
        <DocumentFileType>TIFF</DocumentFileType>
        <TimesRequested>1</TimesRequested>
        <GRNoOfPages>8</GRNoOfPages>
        <PrepOffice>FIRSTSOURCE</PrepOffice>
        <Clerk>FIRSTSOURCE</Clerk>
        <MultipleProcess>01</MultipleProcess>
        <PADocumentType />
        <PADocumentDescription />
        <MFPADocumentType />
        <MFPADocumentDescription />
        <AssociatedPacketIDs>
          <AssociatedPacketID>
            <Value />
          </AssociatedPacketID>
        </AssociatedPacketIDs>
        <Pages>
          <Page>
            <PageNo>1</PageNo>
            <PartNo />
            <LiveCheck>Select</LiveCheck>
            <ListBill />
            <Copy />
            <ImgFileName>2017072600279FS_0001.TIFF</ImgFileName>
            <ImgStatus>OK</ImgStatus>
            <ImgType>ISHEET</ImgType>
          </Page>
          <Page>
            <PageNo>2</PageNo>
            <PartNo />
            <LiveCheck>Select</LiveCheck>
            <ListBill />
            <Copy />
            <ImgFileName>2017072600279FS_0002.TIFF</ImgFileName>
            <ImgStatus>OK</ImgStatus>
            <ImgType>NULL</ImgType>
          </Page>
          <Page>
            <PageNo>3</PageNo>
            <PartNo>230F-UHA-1216</PartNo>
            <LiveCheck>Select</LiveCheck>
            <ListBill />
            <Copy />
            <ImgFileName>2017072600279FS_0003.TIFF</ImgFileName>
            <ImgStatus>OK</ImgStatus>
            <ImgType>APPL</ImgType>
          </Page>
          <Page>
            <PageNo>4</PageNo>
            <PartNo>230F-UHA-1216</PartNo>
            <LiveCheck>Select</LiveCheck>
            <ListBill />
            <Copy />
            <ImgFileName>2017072600279FS_0004.TIFF</ImgFileName>
            <ImgStatus>OK</ImgStatus>
            <ImgType>APPL</ImgType>
          </Page>
          <Page>
            <PageNo>5</PageNo>
            <PartNo>230F-UHA-1216</PartNo>
            <LiveCheck>Select</LiveCheck>
            <ListBill />
            <Copy />
            <ImgFileName>2017072600279FS_0005.TIFF</ImgFileName>
            <ImgStatus>OK</ImgStatus>
            <ImgType>APPL</ImgType>
          </Page>
          <Page>
            <PageNo>6</PageNo>
            <PartNo>230F-UHA-1216</PartNo>
            <LiveCheck>Select</LiveCheck>
            <ListBill />
            <Copy />
            <ImgFileName>2017072600279FS_0006.TIFF</ImgFileName>
            <ImgStatus>OK</ImgStatus>
            <ImgType>APPL</ImgType>
          </Page>
          <Page>
            <PageNo>7</PageNo>
            <PartNo />
            <LiveCheck>Select</LiveCheck>
            <ListBill />
            <Copy />
            <ImgFileName>2017072600279FS_0007.TIFF</ImgFileName>
            <ImgStatus>OK</ImgStatus>
            <ImgType>NULL</ImgType>
          </Page>
          <Page>
            <PageNo>8</PageNo>
            <PartNo />
            <LiveCheck>Select</LiveCheck>
            <ListBill />
            <Copy />
            <ImgFileName>2017072600279FS_0008.TIFF</ImgFileName>
            <ImgStatus>OK</ImgStatus>
            <ImgType>NULL</ImgType>
          </Page>
        </Pages>
        <DocType>APPLICATION</DocType>
        <DocStatus>DONE</DocStatus>
        <Dcn>F17207_0016_008</Dcn>
        <DocUser1>2017072600279FS_0001.TIFF</DocUser1>
        <DocUser2>2017072600279FS_0008.TIFF</DocUser2>
        <DocUser3>\\usut-file2\Ihbase-V5\imgdata01\HOOSIER\FAX\F17207_0016_00</DocUser3>
        <DocUser4>USER4</DocUser4>
        <DocUser5>USER5</DocUser5>
      </DocRec>
      <DocRec>
        <DocId />
        <PacketNo>2017072600280FS</PacketNo>
        <KeyType>P</KeyType>
        <GRReferenceID />
        <CertificateNumber />
        <ReceivedDate>2017-07-26T11:04:56</ReceivedDate>
        <ScanDate>2017-07-26T11:04:56</ScanDate>
        <TotalPages>8</TotalPages>
        <SourceType>F</SourceType>
        <DocumentFileType>TIFF</DocumentFileType>
        <TimesRequested>1</TimesRequested>
        <GRNoOfPages>8</GRNoOfPages>
        <PrepOffice>FIRSTSOURCE</PrepOffice>
        <Clerk>FIRSTSOURCE</Clerk>
        <MultipleProcess>01</MultipleProcess>
        <PADocumentType />
        <PADocumentDescription />
        <MFPADocumentType />
        <MFPADocumentDescription />
        <AssociatedPacketIDs>
          <AssociatedPacketID>
            <Value />
          </AssociatedPacketID>
        </AssociatedPacketIDs>
        <Pages>
          <Page>
            <PageNo>1</PageNo>
            <PartNo />
            <LiveCheck>Select</LiveCheck>
            <ListBill />
            <Copy />
            <ImgFileName>2017072600280FS_0001.TIFF</ImgFileName>
            <ImgStatus>OK</ImgStatus>
            <ImgType>ISHEET</ImgType>
          </Page>
          <Page>
            <PageNo>2</PageNo>
            <PartNo>029F-G-0816</PartNo>
            <LiveCheck>Select</LiveCheck>
            <ListBill />
            <Copy />
            <ImgFileName>2017072600280FS_0002.TIFF</ImgFileName>
            <ImgStatus>OK</ImgStatus>
            <ImgType>APPL</ImgType>
          </Page>
          <Page>
            <PageNo>3</PageNo>
            <PartNo>029F-G-0816</PartNo>
            <LiveCheck>Select</LiveCheck>
            <ListBill />
            <Copy />
            <ImgFileName>2017072600280FS_0003.TIFF</ImgFileName>
            <ImgStatus>OK</ImgStatus>
            <ImgType>APPL</ImgType>
          </Page>
          <Page>
            <PageNo>4</PageNo>
            <PartNo>029F-G-0816</PartNo>
            <LiveCheck>Select</LiveCheck>
            <ListBill />
            <Copy />
            <ImgFileName>2017072600280FS_0004.TIFF</ImgFileName>
            <ImgStatus>OK</ImgStatus>
            <ImgType>APPL</ImgType>
          </Page>
          <Page>
            <PageNo>5</PageNo>
            <PartNo>029F-G-0816</PartNo>
            <LiveCheck>Select</LiveCheck>
            <ListBill />
            <Copy />
            <ImgFileName>2017072600280FS_0005.TIFF</ImgFileName>
            <ImgStatus>OK</ImgStatus>
            <ImgType>APPL</ImgType>
          </Page>
          <Page>
            <PageNo>6</PageNo>
            <PartNo>029F-G-0816</PartNo>
            <LiveCheck>Select</LiveCheck>
            <ListBill />
            <Copy />
            <ImgFileName>2017072600280FS_0006.TIFF</ImgFileName>
            <ImgStatus>OK</ImgStatus>
            <ImgType>APPL</ImgType>
          </Page>
          <Page>
            <PageNo>7</PageNo>
            <PartNo>029F-G-0816</PartNo>
            <LiveCheck>Select</LiveCheck>
            <ListBill />
            <Copy />
            <ImgFileName>2017072600280FS_0007.TIFF</ImgFileName>
            <ImgStatus>OK</ImgStatus>
            <ImgType>APPL</ImgType>
          </Page>
          <Page>
            <PageNo>8</PageNo>
            <PartNo />
            <LiveCheck>Select</LiveCheck>
            <ListBill />
            <Copy />
            <ImgFileName>2017072600280FS_0008.TIFF</ImgFileName>
            <ImgStatus>OK</ImgStatus>
            <ImgType>NULL</ImgType>
          </Page>
        </Pages>
        <DocType>APPLICATION</DocType>
        <DocStatus>DONE</DocStatus>
        <Dcn>F17207_0019_001</Dcn>
        <DocUser1>2017072600280FS_0001.TIFF</DocUser1>
        <DocUser2>2017072600280FS_0008.TIFF</DocUser2>
        <DocUser3>\\usut-file2\Ihbase-V5\imgdata01\HOOSIER\FAX\F17207_0019_00</DocUser3>
        <DocUser4>USER4</DocUser4>
        <DocUser5>USER5</DocUser5>
      </DocRec>
      <DocRec>
        <DocId />
        <PacketNo>2017072600281FS</PacketNo>
        <KeyType>P</KeyType>
        <GRReferenceID />
        <CertificateNumber />
        <ReceivedDate>2017-07-26T12:14:52</ReceivedDate>
        <ScanDate>2017-07-26T12:14:52</ScanDate>
        <TotalPages>6</TotalPages>
        <SourceType>F</SourceType>
        <DocumentFileType>TIFF</DocumentFileType>
        <TimesRequested>1</TimesRequested>
        <GRNoOfPages>6</GRNoOfPages>
        <PrepOffice>FIRSTSOURCE</PrepOffice>
        <Clerk>FIRSTSOURCE</Clerk>
        <MultipleProcess>01</MultipleProcess>
        <PADocumentType />
        <PADocumentDescription />
        <MFPADocumentType />
        <MFPADocumentDescription />
        <AssociatedPacketIDs>
          <AssociatedPacketID>
            <Value />
          </AssociatedPacketID>
        </AssociatedPacketIDs>
        <Pages>
          <Page>
            <PageNo>1</PageNo>
            <PartNo />
            <LiveCheck>Select</LiveCheck>
            <ListBill />
            <Copy />
            <ImgFileName>2017072600281FS_0001.TIFF</ImgFileName>
            <ImgStatus>OK</ImgStatus>
            <ImgType>ISHEET</ImgType>
          </Page>
          <Page>
            <PageNo>2</PageNo>
            <PartNo />
            <LiveCheck>Select</LiveCheck>
            <ListBill />
            <Copy />
            <ImgFileName>2017072600281FS_0002.TIFF</ImgFileName>
            <ImgStatus>OK</ImgStatus>
            <ImgType>NULL</ImgType>
          </Page>
          <Page>
            <PageNo>3</PageNo>
            <PartNo>219F-G-0816</PartNo>
            <LiveCheck>Select</LiveCheck>
            <ListBill />
            <Copy />
            <ImgFileName>2017072600281FS_0003.TIFF</ImgFileName>
            <ImgStatus>OK</ImgStatus>
            <ImgType>APPL</ImgType>
          </Page>
          <Page>
            <PageNo>4</PageNo>
            <PartNo>219F-G-0816</PartNo>
            <LiveCheck>Select</LiveCheck>
            <ListBill />
            <Copy />
            <ImgFileName>2017072600281FS_0004.TIFF</ImgFileName>
            <ImgStatus>OK</ImgStatus>
            <ImgType>APPL</ImgType>
          </Page>
          <Page>
            <PageNo>5</PageNo>
            <PartNo>219F-G-0816</PartNo>
            <LiveCheck>Select</LiveCheck>
            <ListBill />
            <Copy />
            <ImgFileName>2017072600281FS_0005.TIFF</ImgFileName>
            <ImgStatus>OK</ImgStatus>
            <ImgType>APPL</ImgType>
          </Page>
          <Page>
            <PageNo>6</PageNo>
            <PartNo>219F-G-0816</PartNo>
            <LiveCheck>Select</LiveCheck>
            <ListBill />
            <Copy />
            <ImgFileName>2017072600281FS_0006.TIFF</ImgFileName>
            <ImgStatus>OK</ImgStatus>
            <ImgType>APPL</ImgType>
          </Page>
        </Pages>
        <DocType>APPLICATION</DocType>
        <DocStatus>DONE</DocStatus>
        <Dcn>F17207_0028_001</Dcn>
        <DocUser1>2017072600281FS_0001.TIFF</DocUser1>
        <DocUser2>2017072600281FS_0006.TIFF</DocUser2>
        <DocUser3>\\usut-file2\Ihbase-V5\imgdata01\HOOSIER\FAX\F17207_0028_00</DocUser3>
        <DocUser4>USER4</DocUser4>
        <DocUser5>USER5</DocUser5>
      </DocRec>
      <DocRec>
        <DocId />
        <PacketNo>2017072600282FS</PacketNo>
        <KeyType>P</KeyType>
        <GRReferenceID />
        <CertificateNumber />
        <ReceivedDate>2017-07-26T12:28:53</ReceivedDate>
        <ScanDate>2017-07-26T12:28:53</ScanDate>
        <TotalPages>10</TotalPages>
        <SourceType>F</SourceType>
        <DocumentFileType>TIFF</DocumentFileType>
        <TimesRequested>1</TimesRequested>
        <GRNoOfPages>10</GRNoOfPages>
        <PrepOffice>FIRSTSOURCE</PrepOffice>
        <Clerk>FIRSTSOURCE</Clerk>
        <MultipleProcess>01</MultipleProcess>
        <PADocumentType />
        <PADocumentDescription />
        <MFPADocumentType />
        <MFPADocumentDescription />
        <AssociatedPacketIDs>
          <AssociatedPacketID>
            <Value />
          </AssociatedPacketID>
        </AssociatedPacketIDs>
        <Pages>
          <Page>
            <PageNo>1</PageNo>
            <PartNo />
            <LiveCheck>Select</LiveCheck>
            <ListBill />
            <Copy />
            <ImgFileName>2017072600282FS_0001.TIFF</ImgFileName>
            <ImgStatus>OK</ImgStatus>
            <ImgType>ISHEET</ImgType>
          </Page>
          <Page>
            <PageNo>2</PageNo>
            <PartNo>319F-G-1216</PartNo>
            <LiveCheck>Select</LiveCheck>
            <ListBill />
            <Copy />
            <ImgFileName>2017072600282FS_0002.TIFF</ImgFileName>
            <ImgStatus>OK</ImgStatus>
            <ImgType>APPL</ImgType>
          </Page>
          <Page>
            <PageNo>3</PageNo>
            <PartNo>319F-G-1216</PartNo>
            <LiveCheck>Select</LiveCheck>
            <ListBill />
            <Copy />
            <ImgFileName>2017072600282FS_0003.TIFF</ImgFileName>
            <ImgStatus>OK</ImgStatus>
            <ImgType>APPL</ImgType>
          </Page>
          <Page>
            <PageNo>4</PageNo>
            <PartNo>319F-G-1216</PartNo>
            <LiveCheck>Select</LiveCheck>
            <ListBill />
            <Copy />
            <ImgFileName>2017072600282FS_0004.TIFF</ImgFileName>
            <ImgStatus>OK</ImgStatus>
            <ImgType>APPL</ImgType>
          </Page>
          <Page>
            <PageNo>5</PageNo>
            <PartNo>319F-G-1216</PartNo>
            <LiveCheck>Select</LiveCheck>
            <ListBill />
            <Copy />
            <ImgFileName>2017072600282FS_0005.TIFF</ImgFileName>
            <ImgStatus>OK</ImgStatus>
            <ImgType>APPL</ImgType>
          </Page>
          <Page>
            <PageNo>6</PageNo>
            <PartNo>319F-G-1216</PartNo>
            <LiveCheck>Select</LiveCheck>
            <ListBill />
            <Copy />
            <ImgFileName>2017072600282FS_0006.TIFF</ImgFileName>
            <ImgStatus>OK</ImgStatus>
            <ImgType>APPL</ImgType>
          </Page>
          <Page>
            <PageNo>7</PageNo>
            <PartNo>319F-G-1216</PartNo>
            <LiveCheck>Select</LiveCheck>
            <ListBill />
            <Copy />
            <ImgFileName>2017072600282FS_0007.TIFF</ImgFileName>
            <ImgStatus>OK</ImgStatus>
            <ImgType>APPL</ImgType>
          </Page>
          <Page>
            <PageNo>8</PageNo>
            <PartNo>319F-G-1216</PartNo>
            <LiveCheck>Select</LiveCheck>
            <ListBill />
            <Copy />
            <ImgFileName>2017072600282FS_0008.TIFF</ImgFileName>
            <ImgStatus>OK</ImgStatus>
            <ImgType>APPL</ImgType>
          </Page>
          <Page>
            <PageNo>9</PageNo>
            <PartNo>319F-G-1216</PartNo>
            <LiveCheck>Select</LiveCheck>
            <ListBill />
            <Copy />
            <ImgFileName>2017072600282FS_0009.TIFF</ImgFileName>
            <ImgStatus>OK</ImgStatus>
            <ImgType>APPL</ImgType>
          </Page>
          <Page>
            <PageNo>10</PageNo>
            <PartNo>319F-G-1216</PartNo>
            <LiveCheck>Select</LiveCheck>
            <ListBill />
            <Copy />
            <ImgFileName>2017072600282FS_0010.TIFF</ImgFileName>
            <ImgStatus>OK</ImgStatus>
            <ImgType>APPL</ImgType>
          </Page>
        </Pages>
        <DocType>APPLICATION</DocType>
        <DocStatus>DONE</DocStatus>
        <Dcn>F17207_0028_002</Dcn>
        <DocUser1>2017072600282FS_0001.TIFF</DocUser1>
        <DocUser2>2017072600282FS_0010.TIFF</DocUser2>
        <DocUser3>\\usut-file2\Ihbase-V5\imgdata01\HOOSIER\FAX\F17207_0028_00</DocUser3>
        <DocUser4>USER4</DocUser4>
        <DocUser5>USER5</DocUser5>
      </DocRec>
      <DocRec>
        <DocId />
        <PacketNo>2017072600283FS</PacketNo>
        <KeyType>P</KeyType>
        <GRReferenceID />
        <CertificateNumber />
        <ReceivedDate>2017-07-26T12:34:02</ReceivedDate>
        <ScanDate>2017-07-26T12:34:02</ScanDate>
        <TotalPages>7</TotalPages>
        <SourceType>F</SourceType>
        <DocumentFileType>TIFF</DocumentFileType>
        <TimesRequested>1</TimesRequested>
        <GRNoOfPages>7</GRNoOfPages>
        <PrepOffice>FIRSTSOURCE</PrepOffice>
        <Clerk>FIRSTSOURCE</Clerk>
        <MultipleProcess>01</MultipleProcess>
        <PADocumentType />
        <PADocumentDescription />
        <MFPADocumentType />
        <MFPADocumentDescription />
        <AssociatedPacketIDs>
          <AssociatedPacketID>
            <Value />
          </AssociatedPacketID>
        </AssociatedPacketIDs>
        <Pages>
          <Page>
            <PageNo>1</PageNo>
            <PartNo />
            <LiveCheck>Select</LiveCheck>
            <ListBill />
            <Copy />
            <ImgFileName>2017072600283FS_0001.TIFF</ImgFileName>
            <ImgStatus>OK</ImgStatus>
            <ImgType>ISHEET</ImgType>
          </Page>
          <Page>
            <PageNo>2</PageNo>
            <PartNo />
            <LiveCheck>Select</LiveCheck>
            <ListBill />
            <Copy />
            <ImgFileName>2017072600283FS_0002.TIFF</ImgFileName>
            <ImgStatus>OK</ImgStatus>
            <ImgType>APPL</ImgType>
          </Page>
          <Page>
            <PageNo>3</PageNo>
            <PartNo />
            <LiveCheck>Select</LiveCheck>
            <ListBill />
            <Copy />
            <ImgFileName>2017072600283FS_0003.TIFF</ImgFileName>
            <ImgStatus>OK</ImgStatus>
            <ImgType>APPL</ImgType>
          </Page>
          <Page>
            <PageNo>4</PageNo>
            <PartNo />
            <LiveCheck>Select</LiveCheck>
            <ListBill />
            <Copy />
            <ImgFileName>2017072600283FS_0004.TIFF</ImgFileName>
            <ImgStatus>OK</ImgStatus>
            <ImgType>APPL</ImgType>
          </Page>
          <Page>
            <PageNo>5</PageNo>
            <PartNo />
            <LiveCheck>Select</LiveCheck>
            <ListBill />
            <Copy />
            <ImgFileName>2017072600283FS_0005.TIFF</ImgFileName>
            <ImgStatus>OK</ImgStatus>
            <ImgType>APPL</ImgType>
          </Page>
          <Page>
            <PageNo>6</PageNo>
            <PartNo />
            <LiveCheck>Select</LiveCheck>
            <ListBill />
            <Copy />
            <ImgFileName>2017072600283FS_0006.TIFF</ImgFileName>
            <ImgStatus>OK</ImgStatus>
            <ImgType>APPL</ImgType>
          </Page>
          <Page>
            <PageNo>7</PageNo>
            <PartNo />
            <LiveCheck>Select</LiveCheck>
            <ListBill />
            <Copy />
            <ImgFileName>2017072600283FS_0007.TIFF</ImgFileName>
            <ImgStatus>OK</ImgStatus>
            <ImgType>APPL</ImgType>
          </Page>
        </Pages>
        <DocType>APPLICATION</DocType>
        <DocStatus>DONE</DocStatus>
        <Dcn>F17207_0028_003</Dcn>
        <DocUser1>2017072600283FS_0001.TIFF</DocUser1>
        <DocUser2>2017072600283FS_0007.TIFF</DocUser2>
        <DocUser3>\\usut-file2\Ihbase-V5\imgdata01\HOOSIER\FAX\F17207_0028_00</DocUser3>
        <DocUser4>USER4</DocUser4>
        <DocUser5>USER5</DocUser5>
      </DocRec>
      <DocRec>
        <DocId />
        <PacketNo>2017072600284FS</PacketNo>
        <KeyType>P</KeyType>
        <GRReferenceID />
        <CertificateNumber />
        <ReceivedDate>2017-07-26T12:41:05</ReceivedDate>
        <ScanDate>2017-07-26T12:41:05</ScanDate>
        <TotalPages>9</TotalPages>
        <SourceType>F</SourceType>
        <DocumentFileType>TIFF</DocumentFileType>
        <TimesRequested>1</TimesRequested>
        <GRNoOfPages>9</GRNoOfPages>
        <PrepOffice>FIRSTSOURCE</PrepOffice>
        <Clerk>FIRSTSOURCE</Clerk>
        <MultipleProcess>01</MultipleProcess>
        <PADocumentType />
        <PADocumentDescription />
        <MFPADocumentType />
        <MFPADocumentDescription />
        <AssociatedPacketIDs>
          <AssociatedPacketID>
            <Value />
          </AssociatedPacketID>
        </AssociatedPacketIDs>
        <Pages>
          <Page>
            <PageNo>1</PageNo>
            <PartNo />
            <LiveCheck>Select</LiveCheck>
            <ListBill />
            <Copy />
            <ImgFileName>2017072600284FS_0001.TIFF</ImgFileName>
            <ImgStatus>OK</ImgStatus>
            <ImgType>ISHEET</ImgType>
          </Page>
          <Page>
            <PageNo>2</PageNo>
            <PartNo />
            <LiveCheck>Select</LiveCheck>
            <ListBill />
            <Copy />
            <ImgFileName>2017072600284FS_0002.TIFF</ImgFileName>
            <ImgStatus>OK</ImgStatus>
            <ImgType>NULL</ImgType>
          </Page>
          <Page>
            <PageNo>3</PageNo>
            <PartNo>993E-G-1116</PartNo>
            <LiveCheck>Select</LiveCheck>
            <ListBill />
            <Copy />
            <ImgFileName>2017072600284FS_0003.TIFF</ImgFileName>
            <ImgStatus>OK</ImgStatus>
            <ImgType>APPL</ImgType>
          </Page>
          <Page>
            <PageNo>4</PageNo>
            <PartNo>993E-G-1116</PartNo>
            <LiveCheck>Select</LiveCheck>
            <ListBill />
            <Copy />
            <ImgFileName>2017072600284FS_0004.TIFF</ImgFileName>
            <ImgStatus>OK</ImgStatus>
            <ImgType>APPL</ImgType>
          </Page>
          <Page>
            <PageNo>5</PageNo>
            <PartNo>993E-G-1116</PartNo>
            <LiveCheck>Select</LiveCheck>
            <ListBill />
            <Copy />
            <ImgFileName>2017072600284FS_0005.TIFF</ImgFileName>
            <ImgStatus>OK</ImgStatus>
            <ImgType>APPL</ImgType>
          </Page>
          <Page>
            <PageNo>6</PageNo>
            <PartNo>993E-G-1116</PartNo>
            <LiveCheck>Select</LiveCheck>
            <ListBill />
            <Copy />
            <ImgFileName>2017072600284FS_0006.TIFF</ImgFileName>
            <ImgStatus>OK</ImgStatus>
            <ImgType>APPL</ImgType>
          </Page>
          <Page>
            <PageNo>7</PageNo>
            <PartNo />
            <LiveCheck>Select</LiveCheck>
            <ListBill />
            <Copy />
            <ImgFileName>2017072600284FS_0007.TIFF</ImgFileName>
            <ImgStatus>OK</ImgStatus>
            <ImgType>NULL</ImgType>
          </Page>
          <Page>
            <PageNo>8</PageNo>
            <PartNo />
            <LiveCheck>Select</LiveCheck>
            <ListBill />
            <Copy />
            <ImgFileName>2017072600284FS_0008.TIFF</ImgFileName>
            <ImgStatus>OK</ImgStatus>
            <ImgType>NULL</ImgType>
          </Page>
          <Page>
            <PageNo>9</PageNo>
            <PartNo />
            <LiveCheck>Select</LiveCheck>
            <ListBill />
            <Copy />
            <ImgFileName>2017072600284FS_0009.TIFF</ImgFileName>
            <ImgStatus>OK</ImgStatus>
            <ImgType>NULL</ImgType>
          </Page>
        </Pages>
        <DocType>APPLICATION</DocType>
        <DocStatus>DONE</DocStatus>
        <Dcn>F17207_0028_004</Dcn>
        <DocUser1>2017072600284FS_0001.TIFF</DocUser1>
        <DocUser2>2017072600284FS_0009.TIFF</DocUser2>
        <DocUser3>\\usut-file2\Ihbase-V5\imgdata01\HOOSIER\FAX\F17207_0028_00</DocUser3>
        <DocUser4>USER4</DocUser4>
        <DocUser5>USER5</DocUser5>
      </DocRec>
      <DocRec>
        <DocId />
        <PacketNo>2017072600285FS</PacketNo>
        <KeyType>P</KeyType>
        <GRReferenceID />
        <CertificateNumber />
        <ReceivedDate>2017-07-26T12:47:52</ReceivedDate>
        <ScanDate>2017-07-26T12:47:52</ScanDate>
        <TotalPages>8</TotalPages>
        <SourceType>F</SourceType>
        <DocumentFileType>TIFF</DocumentFileType>
        <TimesRequested>1</TimesRequested>
        <GRNoOfPages>8</GRNoOfPages>
        <PrepOffice>FIRSTSOURCE</PrepOffice>
        <Clerk>FIRSTSOURCE</Clerk>
        <MultipleProcess>01</MultipleProcess>
        <PADocumentType />
        <PADocumentDescription />
        <MFPADocumentType />
        <MFPADocumentDescription />
        <AssociatedPacketIDs>
          <AssociatedPacketID>
            <Value />
          </AssociatedPacketID>
        </AssociatedPacketIDs>
        <Pages>
          <Page>
            <PageNo>1</PageNo>
            <PartNo />
            <LiveCheck>Select</LiveCheck>
            <ListBill />
            <Copy />
            <ImgFileName>2017072600285FS_0001.TIFF</ImgFileName>
            <ImgStatus>OK</ImgStatus>
            <ImgType>ISHEET</ImgType>
          </Page>
          <Page>
            <PageNo>2</PageNo>
            <PartNo />
            <LiveCheck>Select</LiveCheck>
            <ListBill />
            <Copy />
            <ImgFileName>2017072600285FS_0002.TIFF</ImgFileName>
            <ImgStatus>OK</ImgStatus>
            <ImgType>NULL</ImgType>
          </Page>
          <Page>
            <PageNo>3</PageNo>
            <PartNo>471F-G-0817</PartNo>
            <LiveCheck>Select</LiveCheck>
            <ListBill />
            <Copy />
            <ImgFileName>2017072600285FS_0003.TIFF</ImgFileName>
            <ImgStatus>OK</ImgStatus>
            <ImgType>APPL</ImgType>
          </Page>
          <Page>
            <PageNo>4</PageNo>
            <PartNo>471F-G-0817</PartNo>
            <LiveCheck>Select</LiveCheck>
            <ListBill />
            <Copy />
            <ImgFileName>2017072600285FS_0004.TIFF</ImgFileName>
            <ImgStatus>OK</ImgStatus>
            <ImgType>APPL</ImgType>
          </Page>
          <Page>
            <PageNo>5</PageNo>
            <PartNo>471F-G-0817</PartNo>
            <LiveCheck>Select</LiveCheck>
            <ListBill />
            <Copy />
            <ImgFileName>2017072600285FS_0005.TIFF</ImgFileName>
            <ImgStatus>OK</ImgStatus>
            <ImgType>APPL</ImgType>
          </Page>
          <Page>
            <PageNo>6</PageNo>
            <PartNo>471F-G-0817</PartNo>
            <LiveCheck>Select</LiveCheck>
            <ListBill />
            <Copy />
            <ImgFileName>2017072600285FS_0006.TIFF</ImgFileName>
            <ImgStatus>OK</ImgStatus>
            <ImgType>APPL</ImgType>
          </Page>
          <Page>
            <PageNo>7</PageNo>
            <PartNo>471F-G-0817</PartNo>
            <LiveCheck>Select</LiveCheck>
            <ListBill />
            <Copy />
            <ImgFileName>2017072600285FS_0007.TIFF</ImgFileName>
            <ImgStatus>OK</ImgStatus>
            <ImgType>APPL</ImgType>
          </Page>
          <Page>
            <PageNo>8</PageNo>
            <PartNo>471F-G-0817</PartNo>
            <LiveCheck>Select</LiveCheck>
            <ListBill />
            <Copy />
            <ImgFileName>2017072600285FS_0008.TIFF</ImgFileName>
            <ImgStatus>OK</ImgStatus>
            <ImgType>APPL</ImgType>
          </Page>
        </Pages>
        <DocType>APPLICATION</DocType>
        <DocStatus>DONE</DocStatus>
        <Dcn>F17207_0030_001</Dcn>
        <DocUser1>2017072600285FS_0001.TIFF</DocUser1>
        <DocUser2>2017072600285FS_0008.TIFF</DocUser2>
        <DocUser3>\\usut-file2\Ihbase-V5\imgdata01\HOOSIER\FAX\F17207_0030_00</DocUser3>
        <DocUser4>USER4</DocUser4>
        <DocUser5>USER5</DocUser5>
      </DocRec>
      <DocRec>
        <DocId />
        <PacketNo>2017072600286FS</PacketNo>
        <KeyType>P</KeyType>
        <GRReferenceID />
        <CertificateNumber />
        <ReceivedDate>2017-07-26T12:52:05</ReceivedDate>
        <ScanDate>2017-07-26T12:52:05</ScanDate>
        <TotalPages>6</TotalPages>
        <SourceType>F</SourceType>
        <DocumentFileType>TIFF</DocumentFileType>
        <TimesRequested>1</TimesRequested>
        <GRNoOfPages>6</GRNoOfPages>
        <PrepOffice>FIRSTSOURCE</PrepOffice>
        <Clerk>FIRSTSOURCE</Clerk>
        <MultipleProcess>01</MultipleProcess>
        <PADocumentType />
        <PADocumentDescription />
        <MFPADocumentType />
        <MFPADocumentDescription />
        <AssociatedPacketIDs>
          <AssociatedPacketID>
            <Value />
          </AssociatedPacketID>
        </AssociatedPacketIDs>
        <Pages>
          <Page>
            <PageNo>1</PageNo>
            <PartNo />
            <LiveCheck>Select</LiveCheck>
            <ListBill />
            <Copy />
            <ImgFileName>2017072600286FS_0001.TIFF</ImgFileName>
            <ImgStatus>OK</ImgStatus>
            <ImgType>ISHEET</ImgType>
          </Page>
          <Page>
            <PageNo>2</PageNo>
            <PartNo>473F-G-0817</PartNo>
            <LiveCheck>Select</LiveCheck>
            <ListBill />
            <Copy />
            <ImgFileName>2017072600286FS_0002.TIFF</ImgFileName>
            <ImgStatus>OK</ImgStatus>
            <ImgType>APPL</ImgType>
          </Page>
          <Page>
            <PageNo>3</PageNo>
            <PartNo>473F-G-0817</PartNo>
            <LiveCheck>Select</LiveCheck>
            <ListBill />
            <Copy />
            <ImgFileName>2017072600286FS_0003.TIFF</ImgFileName>
            <ImgStatus>OK</ImgStatus>
            <ImgType>APPL</ImgType>
          </Page>
          <Page>
            <PageNo>4</PageNo>
            <PartNo>473F-G-0817</PartNo>
            <LiveCheck>Select</LiveCheck>
            <ListBill />
            <Copy />
            <ImgFileName>2017072600286FS_0004.TIFF</ImgFileName>
            <ImgStatus>OK</ImgStatus>
            <ImgType>APPL</ImgType>
          </Page>
          <Page>
            <PageNo>5</PageNo>
            <PartNo>473F-G-0817</PartNo>
            <LiveCheck>Select</LiveCheck>
            <ListBill />
            <Copy />
            <ImgFileName>2017072600286FS_0005.TIFF</ImgFileName>
            <ImgStatus>OK</ImgStatus>
            <ImgType>APPL</ImgType>
          </Page>
          <Page>
            <PageNo>6</PageNo>
            <PartNo />
            <LiveCheck>Select</LiveCheck>
            <ListBill />
            <Copy />
            <ImgFileName>2017072600286FS_0006.TIFF</ImgFileName>
            <ImgStatus>OK</ImgStatus>
            <ImgType>NULL</ImgType>
          </Page>
        </Pages>
        <DocType>APPLICATION</DocType>
        <DocStatus>DONE</DocStatus>
        <Dcn>F17207_0030_002</Dcn>
        <DocUser1>2017072600286FS_0001.TIFF</DocUser1>
        <DocUser2>2017072600286FS_0006.TIFF</DocUser2>
        <DocUser3>\\usut-file2\Ihbase-V5\imgdata01\HOOSIER\FAX\F17207_0030_00</DocUser3>
        <DocUser4>USER4</DocUser4>
        <DocUser5>USER5</DocUser5>
      </DocRec>
      <DocRec>
        <DocId />
        <PacketNo>2017072600287FS</PacketNo>
        <KeyType>P</KeyType>
        <GRReferenceID />
        <CertificateNumber />
        <ReceivedDate>2017-07-26T13:01:28</ReceivedDate>
        <ScanDate>2017-07-26T13:01:28</ScanDate>
        <TotalPages>6</TotalPages>
        <SourceType>F</SourceType>
        <DocumentFileType>TIFF</DocumentFileType>
        <TimesRequested>1</TimesRequested>
        <GRNoOfPages>6</GRNoOfPages>
        <PrepOffice>FIRSTSOURCE</PrepOffice>
        <Clerk>FIRSTSOURCE</Clerk>
        <MultipleProcess>01</MultipleProcess>
        <PADocumentType />
        <PADocumentDescription />
        <MFPADocumentType />
        <MFPADocumentDescription />
        <AssociatedPacketIDs>
          <AssociatedPacketID>
            <Value />
          </AssociatedPacketID>
        </AssociatedPacketIDs>
        <Pages>
          <Page>
            <PageNo>1</PageNo>
            <PartNo />
            <LiveCheck>Select</LiveCheck>
            <ListBill />
            <Copy />
            <ImgFileName>2017072600287FS_0001.TIFF</ImgFileName>
            <ImgStatus>OK</ImgStatus>
            <ImgType>ISHEET</ImgType>
          </Page>
          <Page>
            <PageNo>2</PageNo>
            <PartNo />
            <LiveCheck>Select</LiveCheck>
            <ListBill />
            <Copy />
            <ImgFileName>2017072600287FS_0002.TIFF</ImgFileName>
            <ImgStatus>OK</ImgStatus>
            <ImgType>NULL</ImgType>
          </Page>
          <Page>
            <PageNo>3</PageNo>
            <PartNo>889E-G-0516</PartNo>
            <LiveCheck>Select</LiveCheck>
            <ListBill />
            <Copy />
            <ImgFileName>2017072600287FS_0003.TIFF</ImgFileName>
            <ImgStatus>OK</ImgStatus>
            <ImgType>APPL</ImgType>
          </Page>
          <Page>
            <PageNo>4</PageNo>
            <PartNo>889E-G-0516</PartNo>
            <LiveCheck>Select</LiveCheck>
            <ListBill />
            <Copy />
            <ImgFileName>2017072600287FS_0004.TIFF</ImgFileName>
            <ImgStatus>OK</ImgStatus>
            <ImgType>APPL</ImgType>
          </Page>
          <Page>
            <PageNo>5</PageNo>
            <PartNo>889E-G-0516</PartNo>
            <LiveCheck>Select</LiveCheck>
            <ListBill />
            <Copy />
            <ImgFileName>2017072600287FS_0005.TIFF</ImgFileName>
            <ImgStatus>OK</ImgStatus>
            <ImgType>APPL</ImgType>
          </Page>
          <Page>
            <PageNo>6</PageNo>
            <PartNo>889E-G-0516</PartNo>
            <LiveCheck>Select</LiveCheck>
            <ListBill />
            <Copy />
            <ImgFileName>2017072600287FS_0006.TIFF</ImgFileName>
            <ImgStatus>OK</ImgStatus>
            <ImgType>APPL</ImgType>
          </Page>
        </Pages>
        <DocType>APPLICATION</DocType>
        <DocStatus>DONE</DocStatus>
        <Dcn>F17207_0030_003</Dcn>
        <DocUser1>2017072600287FS_0001.TIFF</DocUser1>
        <DocUser2>2017072600287FS_0006.TIFF</DocUser2>
        <DocUser3>\\usut-file2\Ihbase-V5\imgdata01\HOOSIER\FAX\F17207_0030_00</DocUser3>
        <DocUser4>USER4</DocUser4>
        <DocUser5>USER5</DocUser5>
      </DocRec>
      <DocRec>
        <DocId />
        <PacketNo>2017072600288FS</PacketNo>
        <KeyType>P</KeyType>
        <GRReferenceID />
        <CertificateNumber />
        <ReceivedDate>2017-07-26T13:04:48</ReceivedDate>
        <ScanDate>2017-07-26T13:04:48</ScanDate>
        <TotalPages>5</TotalPages>
        <SourceType>F</SourceType>
        <DocumentFileType>TIFF</DocumentFileType>
        <TimesRequested>1</TimesRequested>
        <GRNoOfPages>5</GRNoOfPages>
        <PrepOffice>FIRSTSOURCE</PrepOffice>
        <Clerk>FIRSTSOURCE</Clerk>
        <MultipleProcess>01</MultipleProcess>
        <PADocumentType />
        <PADocumentDescription />
        <MFPADocumentType />
        <MFPADocumentDescription />
        <AssociatedPacketIDs>
          <AssociatedPacketID>
            <Value />
          </AssociatedPacketID>
        </AssociatedPacketIDs>
        <Pages>
          <Page>
            <PageNo>1</PageNo>
            <PartNo />
            <LiveCheck>Select</LiveCheck>
            <ListBill />
            <Copy />
            <ImgFileName>2017072600288FS_0001.TIFF</ImgFileName>
            <ImgStatus>OK</ImgStatus>
            <ImgType>ISHEET</ImgType>
          </Page>
          <Page>
            <PageNo>2</PageNo>
            <PartNo />
            <LiveCheck>Select</LiveCheck>
            <ListBill />
            <Copy />
            <ImgFileName>2017072600288FS_0002.TIFF</ImgFileName>
            <ImgStatus>OK</ImgStatus>
            <ImgType>NULL</ImgType>
          </Page>
          <Page>
            <PageNo>3</PageNo>
            <PartNo>032F-G-0816</PartNo>
            <LiveCheck>Select</LiveCheck>
            <ListBill />
            <Copy />
            <ImgFileName>2017072600288FS_0003.TIFF</ImgFileName>
            <ImgStatus>OK</ImgStatus>
            <ImgType>APPL</ImgType>
          </Page>
          <Page>
            <PageNo>4</PageNo>
            <PartNo>032F-G-0816</PartNo>
            <LiveCheck>Select</LiveCheck>
            <ListBill />
            <Copy />
            <ImgFileName>2017072600288FS_0004.TIFF</ImgFileName>
            <ImgStatus>OK</ImgStatus>
            <ImgType>APPL</ImgType>
          </Page>
          <Page>
            <PageNo>5</PageNo>
            <PartNo>032F-G-0816</PartNo>
            <LiveCheck>Select</LiveCheck>
            <ListBill />
            <Copy />
            <ImgFileName>2017072600288FS_0005.TIFF</ImgFileName>
            <ImgStatus>OK</ImgStatus>
            <ImgType>APPL</ImgType>
          </Page>
        </Pages>
        <DocType>APPLICATION</DocType>
        <DocStatus>DONE</DocStatus>
        <Dcn>F17207_0030_004</Dcn>
        <DocUser1>2017072600288FS_0001.TIFF</DocUser1>
        <DocUser2>2017072600288FS_0005.TIFF</DocUser2>
        <DocUser3>\\usut-file2\Ihbase-V5\imgdata01\HOOSIER\FAX\F17207_0030_00</DocUser3>
        <DocUser4>USER4</DocUser4>
        <DocUser5>USER5</DocUser5>
      </DocRec>
      <DocRec>
        <DocId />
        <PacketNo>2017072600289FS</PacketNo>
        <KeyType>P</KeyType>
        <GRReferenceID />
        <CertificateNumber />
        <ReceivedDate>2017-07-26T13:05:24</ReceivedDate>
        <ScanDate>2017-07-26T13:05:24</ScanDate>
        <TotalPages>8</TotalPages>
        <SourceType>F</SourceType>
        <DocumentFileType>TIFF</DocumentFileType>
        <TimesRequested>1</TimesRequested>
        <GRNoOfPages>8</GRNoOfPages>
        <PrepOffice>FIRSTSOURCE</PrepOffice>
        <Clerk>FIRSTSOURCE</Clerk>
        <MultipleProcess>01</MultipleProcess>
        <PADocumentType />
        <PADocumentDescription />
        <MFPADocumentType />
        <MFPADocumentDescription />
        <AssociatedPacketIDs>
          <AssociatedPacketID>
            <Value />
          </AssociatedPacketID>
        </AssociatedPacketIDs>
        <Pages>
          <Page>
            <PageNo>1</PageNo>
            <PartNo />
            <LiveCheck>Select</LiveCheck>
            <ListBill />
            <Copy />
            <ImgFileName>2017072600289FS_0001.TIFF</ImgFileName>
            <ImgStatus>OK</ImgStatus>
            <ImgType>ISHEET</ImgType>
          </Page>
          <Page>
            <PageNo>2</PageNo>
            <PartNo />
            <LiveCheck>Select</LiveCheck>
            <ListBill />
            <Copy />
            <ImgFileName>2017072600289FS_0002.TIFF</ImgFileName>
            <ImgStatus>OK</ImgStatus>
            <ImgType>NULL</ImgType>
          </Page>
          <Page>
            <PageNo>3</PageNo>
            <PartNo>414F-G-0317</PartNo>
            <LiveCheck>Select</LiveCheck>
            <ListBill />
            <Copy />
            <ImgFileName>2017072600289FS_0003.TIFF</ImgFileName>
            <ImgStatus>OK</ImgStatus>
            <ImgType>APPL</ImgType>
          </Page>
          <Page>
            <PageNo>4</PageNo>
            <PartNo>414F-G-0317</PartNo>
            <LiveCheck>Select</LiveCheck>
            <ListBill />
            <Copy />
            <ImgFileName>2017072600289FS_0004.TIFF</ImgFileName>
            <ImgStatus>OK</ImgStatus>
            <ImgType>APPL</ImgType>
          </Page>
          <Page>
            <PageNo>5</PageNo>
            <PartNo>414F-G-0317</PartNo>
            <LiveCheck>Select</LiveCheck>
            <ListBill />
            <Copy />
            <ImgFileName>2017072600289FS_0005.TIFF</ImgFileName>
            <ImgStatus>OK</ImgStatus>
            <ImgType>APPL</ImgType>
          </Page>
          <Page>
            <PageNo>6</PageNo>
            <PartNo>414F-G-0317</PartNo>
            <LiveCheck>Select</LiveCheck>
            <ListBill />
            <Copy />
            <ImgFileName>2017072600289FS_0006.TIFF</ImgFileName>
            <ImgStatus>OK</ImgStatus>
            <ImgType>APPL</ImgType>
          </Page>
          <Page>
            <PageNo>7</PageNo>
            <PartNo>414F-G-0317</PartNo>
            <LiveCheck>Select</LiveCheck>
            <ListBill />
            <Copy />
            <ImgFileName>2017072600289FS_0007.TIFF</ImgFileName>
            <ImgStatus>OK</ImgStatus>
            <ImgType>APPL</ImgType>
          </Page>
          <Page>
            <PageNo>8</PageNo>
            <PartNo>414F-G-0317</PartNo>
            <LiveCheck>Select</LiveCheck>
            <ListBill />
            <Copy />
            <ImgFileName>2017072600289FS_0008.TIFF</ImgFileName>
            <ImgStatus>OK</ImgStatus>
            <ImgType>APPL</ImgType>
          </Page>
        </Pages>
        <DocType>APPLICATION</DocType>
        <DocStatus>DONE</DocStatus>
        <Dcn>F17207_0030_005</Dcn>
        <DocUser1>2017072600289FS_0001.TIFF</DocUser1>
        <DocUser2>2017072600289FS_0008.TIFF</DocUser2>
        <DocUser3>\\usut-file2\Ihbase-V5\imgdata01\HOOSIER\FAX\F17207_0030_00</DocUser3>
        <DocUser4>USER4</DocUser4>
        <DocUser5>USER5</DocUser5>
      </DocRec>
      <DocRec>
        <DocId />
        <PacketNo>2017072600290FS</PacketNo>
        <KeyType>P</KeyType>
        <GRReferenceID />
        <CertificateNumber />
        <ReceivedDate>2017-07-26T13:09:44</ReceivedDate>
        <ScanDate>2017-07-26T13:09:44</ScanDate>
        <TotalPages>7</TotalPages>
        <SourceType>F</SourceType>
        <DocumentFileType>TIFF</DocumentFileType>
        <TimesRequested>1</TimesRequested>
        <GRNoOfPages>7</GRNoOfPages>
        <PrepOffice>FIRSTSOURCE</PrepOffice>
        <Clerk>FIRSTSOURCE</Clerk>
        <MultipleProcess>01</MultipleProcess>
        <PADocumentType />
        <PADocumentDescription />
        <MFPADocumentType />
        <MFPADocumentDescription />
        <AssociatedPacketIDs>
          <AssociatedPacketID>
            <Value />
          </AssociatedPacketID>
        </AssociatedPacketIDs>
        <Pages>
          <Page>
            <PageNo>1</PageNo>
            <PartNo />
            <LiveCheck>Select</LiveCheck>
            <ListBill />
            <Copy />
            <ImgFileName>2017072600290FS_0001.TIFF</ImgFileName>
            <ImgStatus>OK</ImgStatus>
            <ImgType>ISHEET</ImgType>
          </Page>
          <Page>
            <PageNo>2</PageNo>
            <PartNo />
            <LiveCheck>Select</LiveCheck>
            <ListBill />
            <Copy />
            <ImgFileName>2017072600290FS_0002.TIFF</ImgFileName>
            <ImgStatus>OK</ImgStatus>
            <ImgType>NULL</ImgType>
          </Page>
          <Page>
            <PageNo>3</PageNo>
            <PartNo>978E-G-0816</PartNo>
            <LiveCheck>Select</LiveCheck>
            <ListBill />
            <Copy />
            <ImgFileName>2017072600290FS_0003.TIFF</ImgFileName>
            <ImgStatus>OK</ImgStatus>
            <ImgType>APPL</ImgType>
          </Page>
          <Page>
            <PageNo>4</PageNo>
            <PartNo>978E-G-0816</PartNo>
            <LiveCheck>Select</LiveCheck>
            <ListBill />
            <Copy />
            <ImgFileName>2017072600290FS_0004.TIFF</ImgFileName>
            <ImgStatus>OK</ImgStatus>
            <ImgType>APPL</ImgType>
          </Page>
          <Page>
            <PageNo>5</PageNo>
            <PartNo>978E-G-0816</PartNo>
            <LiveCheck>Select</LiveCheck>
            <ListBill />
            <Copy />
            <ImgFileName>2017072600290FS_0005.TIFF</ImgFileName>
            <ImgStatus>OK</ImgStatus>
            <ImgType>APPL</ImgType>
          </Page>
          <Page>
            <PageNo>6</PageNo>
            <PartNo>978E-G-0816</PartNo>
            <LiveCheck>Select</LiveCheck>
            <ListBill />
            <Copy />
            <ImgFileName>2017072600290FS_0006.TIFF</ImgFileName>
            <ImgStatus>OK</ImgStatus>
            <ImgType>APPL</ImgType>
          </Page>
          <Page>
            <PageNo>7</PageNo>
            <PartNo />
            <LiveCheck>Select</LiveCheck>
            <ListBill />
            <Copy />
            <ImgFileName>2017072600290FS_0007.TIFF</ImgFileName>
            <ImgStatus>OK</ImgStatus>
            <ImgType>NULL</ImgType>
          </Page>
        </Pages>
        <DocType>APPLICATION</DocType>
        <DocStatus>DONE</DocStatus>
        <Dcn>F17207_0030_006</Dcn>
        <DocUser1>2017072600290FS_0001.TIFF</DocUser1>
        <DocUser2>2017072600290FS_0007.TIFF</DocUser2>
        <DocUser3>\\usut-file2\Ihbase-V5\imgdata01\HOOSIER\FAX\F17207_0030_00</DocUser3>
        <DocUser4>USER4</DocUser4>
        <DocUser5>USER5</DocUser5>
      </DocRec>
      <DocRec>
        <DocId />
        <PacketNo>2017072600291FS</PacketNo>
        <KeyType>P</KeyType>
        <GRReferenceID />
        <CertificateNumber />
        <ReceivedDate>2017-07-26T13:39:31</ReceivedDate>
        <ScanDate>2017-07-26T13:39:31</ScanDate>
        <TotalPages>9</TotalPages>
        <SourceType>F</SourceType>
        <DocumentFileType>TIFF</DocumentFileType>
        <TimesRequested>1</TimesRequested>
        <GRNoOfPages>9</GRNoOfPages>
        <PrepOffice>FIRSTSOURCE</PrepOffice>
        <Clerk>FIRSTSOURCE</Clerk>
        <MultipleProcess>01</MultipleProcess>
        <PADocumentType />
        <PADocumentDescription />
        <MFPADocumentType />
        <MFPADocumentDescription />
        <AssociatedPacketIDs>
          <AssociatedPacketID>
            <Value />
          </AssociatedPacketID>
        </AssociatedPacketIDs>
        <Pages>
          <Page>
            <PageNo>1</PageNo>
            <PartNo />
            <LiveCheck>Select</LiveCheck>
            <ListBill />
            <Copy />
            <ImgFileName>2017072600291FS_0001.TIFF</ImgFileName>
            <ImgStatus>OK</ImgStatus>
            <ImgType>ISHEET</ImgType>
          </Page>
          <Page>
            <PageNo>2</PageNo>
            <PartNo />
            <LiveCheck>Select</LiveCheck>
            <ListBill />
            <Copy />
            <ImgFileName>2017072600291FS_0002.TIFF</ImgFileName>
            <ImgStatus>OK</ImgStatus>
            <ImgType>NULL</ImgType>
          </Page>
          <Page>
            <PageNo>3</PageNo>
            <PartNo />
            <LiveCheck>Select</LiveCheck>
            <ListBill />
            <Copy />
            <ImgFileName>2017072600291FS_0003.TIFF</ImgFileName>
            <ImgStatus>OK</ImgStatus>
            <ImgType>NULL</ImgType>
          </Page>
          <Page>
            <PageNo>4</PageNo>
            <PartNo>990E-G-0816</PartNo>
            <LiveCheck>Select</LiveCheck>
            <ListBill />
            <Copy />
            <ImgFileName>2017072600291FS_0004.TIFF</ImgFileName>
            <ImgStatus>OK</ImgStatus>
            <ImgType>APPL</ImgType>
          </Page>
          <Page>
            <PageNo>5</PageNo>
            <PartNo>990E-G-0816</PartNo>
            <LiveCheck>Select</LiveCheck>
            <ListBill />
            <Copy />
            <ImgFileName>2017072600291FS_0005.TIFF</ImgFileName>
            <ImgStatus>OK</ImgStatus>
            <ImgType>APPL</ImgType>
          </Page>
          <Page>
            <PageNo>6</PageNo>
            <PartNo>990E-G-0816</PartNo>
            <LiveCheck>Select</LiveCheck>
            <ListBill />
            <Copy />
            <ImgFileName>2017072600291FS_0006.TIFF</ImgFileName>
            <ImgStatus>OK</ImgStatus>
            <ImgType>APPL</ImgType>
          </Page>
          <Page>
            <PageNo>7</PageNo>
            <PartNo>990E-G-0816</PartNo>
            <LiveCheck>Select</LiveCheck>
            <ListBill />
            <Copy />
            <ImgFileName>2017072600291FS_0007.TIFF</ImgFileName>
            <ImgStatus>OK</ImgStatus>
            <ImgType>APPL</ImgType>
          </Page>
          <Page>
            <PageNo>8</PageNo>
            <PartNo />
            <LiveCheck>Select</LiveCheck>
            <ListBill />
            <Copy />
            <ImgFileName>2017072600291FS_0008.TIFF</ImgFileName>
            <ImgStatus>OK</ImgStatus>
            <ImgType>NULL</ImgType>
          </Page>
          <Page>
            <PageNo>9</PageNo>
            <PartNo />
            <LiveCheck>Select</LiveCheck>
            <ListBill />
            <Copy />
            <ImgFileName>2017072600291FS_0009.TIFF</ImgFileName>
            <ImgStatus>OK</ImgStatus>
            <ImgType>NULL</ImgType>
          </Page>
        </Pages>
        <DocType>APPLICATION</DocType>
        <DocStatus>DONE</DocStatus>
        <Dcn>F17207_0032_002</Dcn>
        <DocUser1>2017072600291FS_0001.TIFF</DocUser1>
        <DocUser2>2017072600291FS_0009.TIFF</DocUser2>
        <DocUser3>\\usut-file2\Ihbase-V5\imgdata01\HOOSIER\FAX\F17207_0032_00</DocUser3>
        <DocUser4>USER4</DocUser4>
        <DocUser5>USER5</DocUser5>
      </DocRec>
    </Docs>
  </BtchDet>
</BtchCntl>