<?xml version="1.0" encoding="UTF-8"?>

<BtchCntl>
  <BtchHdr>
    <CustId>HOOSIER</CustId>
    <ProjId>NB</ProjId>
    <ScanBtchId>GRNB2017030100006</ScanBtchId>
    <SubmissionBtchId>GRNB2017030100006</SubmissionBtchId>
    <BtchScanType>FRESH</BtchScanType>
    <NumDocs>1</NumDocs>
    <NumBill>2</NumBill>
    <NumImgs>3</NumImgs>
    <TurnAround>24</TurnAround>
    <ScanDate>17060</ScanDate>
    <ScanBtchZipCreateDate>2017-03-01T08:59:12.0576689-07:00</ScanBtchZipCreateDate>
    <ReceiveDate>17060</ReceiveDate>
    <KeyOrg>FIRSTSOURCE</KeyOrg>
    <ScanOrg>FIRSTSOURCE</ScanOrg>
    <Scanner>1</Scanner>
    <BtchUser1></BtchUser1>
    <BtchUser2></BtchUser2>
    <BtchUser3></BtchUser3>
    <BtchUser4></BtchUser4>
    <BtchUser5></BtchUser5>
  </BtchHdr>
  <BtchDet>
    <Docs>
      <DocRec>
        <DocId></DocId>
        <PacketNo>2017030100006FS</PacketNo>
        <KeyType>P</KeyType>
        <GRReferenceID>094254515</GRReferenceID>
        <CertificateNumber></CertificateNumber>
        <ReceivedDate>2017-03-01T07:24:11</ReceivedDate>
        <ScanDate>2017-03-01T07:24:11</ScanDate>
        <TotalPages>3</TotalPages>
        <SourceType>F</SourceType>
        <DocumentFileType>TIFF</DocumentFileType>
        <TimesRequested>1</TimesRequested>
        <GRNoOfPages>3</GRNoOfPages>
        <PrepOffice>FIRSTSOURCE</PrepOffice>
        <Clerk>FIRSTSOURCE</Clerk>
        <MultipleProcess>01</MultipleProcess>
        <PADocumentType></PADocumentType>
        <PADocumentDescription></PADocumentDescription>
        <MFPADocumentType></MFPADocumentType>
        <MFPADocumentDescription></MFPADocumentDescription>
        <AssociatedPacketIDs>
          <AssociatedPacketID>
            <Value></Value>
          </AssociatedPacketID>
        </AssociatedPacketIDs>
        <Pages>
          <Page>
            <PageNo>1</PageNo>
            <PartNo></PartNo>
            <LiveCheck>Select</LiveCheck>
            <ListBill></ListBill>
            <Copy></Copy>
            <ImgFileName>2017030100006FS_0007.TIFF</ImgFileName>
            <ImgStatus>OK</ImgStatus>
            <ImgType>ISHEET</ImgType>
          </Page>
          <Page>
            <PageNo>2</PageNo>
            <PartNo></PartNo>
            <LiveCheck>Select</LiveCheck>
            <ListBill></ListBill>
            <Copy></Copy>
            <ImgFileName>2017030100006FS_0008.TIFF</ImgFileName>
            <ImgStatus>OK</ImgStatus>
            <ImgType>UNKNOWN</ImgType>
          </Page>
          <Page>
            <PageNo>3</PageNo>
            <PartNo></PartNo>
            <LiveCheck>Select</LiveCheck>
            <ListBill></ListBill>
            <Copy></Copy>
            <ImgFileName>2017030100006FS_0009.TIFF</ImgFileName>
            <ImgStatus>OK</ImgStatus>
            <ImgType>UNKNOWN</ImgType>
          </Page>
        </Pages>
        <DocType>CORRESPONDENCE</DocType>
        <DocStatus>DONE</DocStatus>
        <Dcn>F17060_0003_001</Dcn>
        <DocUser1>2017030100006FS_0001.TIFF</DocUser1>
        <DocUser2>2017030100006FS_0003.TIFF</DocUser2>
        <DocUser3>\\usut-file2\Ihbase-V5\imgdata01\HOOSIER\FAX\F17060_0003_00</DocUser3>
        <DocUser4>USER4</DocUser4>
        <DocUser5>USER5</DocUser5>
      </DocRec>
    </Docs>
  </BtchDet>
</BtchCntl>
