<?xml version="1.0"?>
<BtchCntl>
  <BtchHdr>
    <CustId>HOOSIER</CustId>
    <ProjId>NB</ProjId>
    <ScanBtchId>GRNB2017030100006</ScanBtchId>
    <SubmissionBtchId>GRNB2017030100006</SubmissionBtchId>
    <BtchScanType>FRESH</BtchScanType>
    <NumDocs>2</NumDocs>
    <NumBill>2</NumBill>
    <NumImgs>6</NumImgs>
    <TurnAround>24</TurnAround>
    <ScanDate>17060</ScanDate>
    <ScanBtchZipCreateDate>2017-03-01T08:59:12.0576689-07:00</ScanBtchZipCreateDate>
    <ReceiveDate>17060</ReceiveDate>
    <KeyOrg>FIRSTSOURCE</KeyOrg>
    <ScanOrg>FIRSTSOURCE</ScanOrg>
    <Scanner>1</Scanner>
    <BtchUser1 />
    <BtchUser2 />
    <BtchUser3 />
    <BtchUser4 />
    <BtchUser5 />
  </BtchHdr>
  <BtchDet>
    <Docs>
      <DocRec>
        <DocId />
        <PacketNo>2017030100006FS</PacketNo>
        <KeyType>P</KeyType>
        <GRReferenceID>095254515</GRReferenceID>
        <CertificateNumber />
        <ReceivedDate>2017-03-01T07:24:11</ReceivedDate>
        <ScanDate>2017-03-01T07:24:11</ScanDate>
        <TotalPages>3</TotalPages>
        <SourceType>F</SourceType>
        <DocumentFileType>TIFF</DocumentFileType>
        <TimesRequested>1</TimesRequested>
        <GRNoOfPages>3</GRNoOfPages>
        <PrepOffice>FIRSTSOURCE</PrepOffice>
        <Clerk>FIRSTSOURCE</Clerk>
        <MultipleProcess>01</MultipleProcess>
        <PADocumentType />
        <PADocumentDescription />
        <MFPADocumentType />
        <MFPADocumentDescription />
        <AssociatedPacketIDs>
          <AssociatedPacketID>
            <Value />
          </AssociatedPacketID>
        </AssociatedPacketIDs>
        <Pages>
          <Page>
            <PageNo>1</PageNo>
            <PartNo />
            <LiveCheck>Select</LiveCheck>
            <ListBill />
            <Copy />
            <ImgFileName>2017030100006FS_0007.TIFF</ImgFileName>
            <ImgStatus>OK</ImgStatus>
            <ImgType>ISHEET</ImgType>
          </Page>
          <Page>
            <PageNo>2</PageNo>
            <PartNo />
            <LiveCheck>Select</LiveCheck>
            <ListBill />
            <Copy />
            <ImgFileName>2017030100006FS_0008.TIFF</ImgFileName>
            <ImgStatus>OK</ImgStatus>
            <ImgType>UNKNOWN</ImgType>
          </Page>
          <Page>
            <PageNo>3</PageNo>
            <PartNo />
            <LiveCheck>Select</LiveCheck>
            <ListBill />
            <Copy />
            <ImgFileName>2017030100006FS_0009.TIFF</ImgFileName>
            <ImgStatus>OK</ImgStatus>
            <ImgType>UNKNOWN</ImgType>
          </Page>
        </Pages>
        <DocType>CORRESPONDENCE</DocType>
        <DocStatus>DONE</DocStatus>
        <Dcn>F17060_0004_001</Dcn>
        <DocUser1>2017030100006FS_0001.TIFF</DocUser1>
        <DocUser2>2017030100006FS_0003.TIFF</DocUser2>
        <DocUser3>\\usut-file2\Ihbase-V5\imgdata01\HOOSIER\FAX\F17060_0003_00</DocUser3>
        <DocUser4>USER4</DocUser4>
        <DocUser5>USER5</DocUser5>
      </DocRec>
      <DocRec>
              <DocId />
              <PacketNo>2017030100006FS</PacketNo>
              <KeyType>P</KeyType>
              <GRReferenceID>464254515</GRReferenceID>
              <CertificateNumber />
              <ReceivedDate>2017-03-01T07:24:11</ReceivedDate>
              <ScanDate>2017-03-01T07:24:11</ScanDate>
              <TotalPages>3</TotalPages>
              <SourceType>F</SourceType>
              <DocumentFileType>TIFF</DocumentFileType>
              <TimesRequested>1</TimesRequested>
              <GRNoOfPages>3</GRNoOfPages>
              <PrepOffice>FIRSTSOURCE</PrepOffice>
              <Clerk>FIRSTSOURCE</Clerk>
              <MultipleProcess>01</MultipleProcess>
              <PADocumentType />
              <PADocumentDescription />
              <MFPADocumentType />
              <MFPADocumentDescription />
              <AssociatedPacketIDs>
                <AssociatedPacketID>
                  <Value />
                </AssociatedPacketID>
              </AssociatedPacketIDs>
              <Pages>
                <Page>
                  <PageNo>1</PageNo>
                  <PartNo />
                  <LiveCheck>Select</LiveCheck>
                  <ListBill />
                  <Copy />
                  <ImgFileName>2017030100006FS_0010.TIFF</ImgFileName>
                  <ImgStatus>OK</ImgStatus>
                  <ImgType>ISHEET</ImgType>
                </Page>
                <Page>
                  <PageNo>2</PageNo>
                  <PartNo />
                  <LiveCheck>Select</LiveCheck>
                  <ListBill />
                  <Copy />
                  <ImgFileName>2017030100006FS_0011.TIFF</ImgFileName>
                  <ImgStatus>OK</ImgStatus>
                  <ImgType>UNKNOWN</ImgType>
                </Page>
                <Page>
                  <PageNo>3</PageNo>
                  <PartNo />
                  <LiveCheck>Select</LiveCheck>
                  <ListBill />
                  <Copy />
                  <ImgFileName>2017030100006FS_0012.TIFF</ImgFileName>
                  <ImgStatus>OK</ImgStatus>
                  <ImgType>UNKNOWN</ImgType>
                </Page>
              </Pages>
              <DocType>CORRESPONDENCE</DocType>
              <DocStatus>DONE</DocStatus>
              <Dcn>F17060_0004_001</Dcn>
              <DocUser1>2017030100006FS_0001.TIFF</DocUser1>
              <DocUser2>2017030100006FS_0003.TIFF</DocUser2>
              <DocUser3>\\usut-file2\Ihbase-V5\imgdata01\HOOSIER\FAX\F17060_0003_00</DocUser3>
              <DocUser4>USER4</DocUser4>
              <DocUser5>USER5</DocUser5>
      </DocRec>
    </Docs>
  </BtchDet>
</BtchCntl>