<?xml version="1.0"?>
<BtchCntl>
  <BtchHdr>
    <CustId>HOOSIER</CustId>
    <ProjId>NB</ProjId>
    <ScanBtchId>GRNB2017060800061</ScanBtchId>
    <SubmissionBtchId>GRNB2017060800061</SubmissionBtchId>
    <BtchScanType>FRESH</BtchScanType>
    <NumDocs>6</NumDocs>
    <NumBill>6</NumBill>
    <NumImgs>40</NumImgs>
    <TurnAround>24</TurnAround>
    <ScanDate>17159</ScanDate>
    <ScanBtchZipCreateDate>2017-06-09T13:07:06.6764305-06:00</ScanBtchZipCreateDate>
    <ReceiveDate>17159</ReceiveDate>
    <KeyOrg>FIRSTSOURCE</KeyOrg>
    <ScanOrg>FIRSTSOURCE</ScanOrg>
    <Scanner>1</Scanner>
    <BtchUser1 />
    <BtchUser2 />
    <BtchUser3 />
    <BtchUser4 />
    <BtchUser5 />
  </BtchHdr>
  <BtchDet>
    <Docs>
      <DocRec>
        <DocId />
        <PacketNo>2017060800482FS</PacketNo>
        <KeyType>P</KeyType>
        <GRReferenceID />
        <CertificateNumber />
        <ReceivedDate>2017-06-08T15:07:45</ReceivedDate>
        <ScanDate>2017-06-08T15:07:45</ScanDate>
        <TotalPages>6</TotalPages>
        <SourceType>F</SourceType>
        <DocumentFileType>TIFF</DocumentFileType>
        <TimesRequested>1</TimesRequested>
        <GRNoOfPages>6</GRNoOfPages>
        <PrepOffice>FIRSTSOURCE</PrepOffice>
        <Clerk>FIRSTSOURCE</Clerk>
        <MultipleProcess>01</MultipleProcess>
        <PADocumentType />
        <PADocumentDescription />
        <MFPADocumentType />
        <MFPADocumentDescription />
        <AssociatedPacketIDs>
          <AssociatedPacketID>
            <Value />
          </AssociatedPacketID>
        </AssociatedPacketIDs>
        <Pages>
          <Page>
            <PageNo>1</PageNo>
            <PartNo />
            <LiveCheck>Select</LiveCheck>
            <ListBill />
            <Copy />
            <ImgFileName>2017060800482FS_0001.TIFF</ImgFileName>
            <ImgStatus>OK</ImgStatus>
            <ImgType>ISHEET</ImgType>
          </Page>
          <Page>
            <PageNo>2</PageNo>
            <PartNo />
            <LiveCheck>Select</LiveCheck>
            <ListBill />
            <Copy />
            <ImgFileName>2017060800482FS_0002.TIFF</ImgFileName>
            <ImgStatus>OK</ImgStatus>
            <ImgType>NULL</ImgType>
          </Page>
          <Page>
            <PageNo>3</PageNo>
            <PartNo>889E-G-0317</PartNo>
            <LiveCheck>Select</LiveCheck>
            <ListBill />
            <Copy />
            <ImgFileName>2017060800482FS_0003.TIFF</ImgFileName>
            <ImgStatus>OK</ImgStatus>
            <ImgType>APPL</ImgType>
          </Page>
          <Page>
            <PageNo>4</PageNo>
            <PartNo>889E-G-0317</PartNo>
            <LiveCheck>Select</LiveCheck>
            <ListBill />
            <Copy />
            <ImgFileName>2017060800482FS_0004.TIFF</ImgFileName>
            <ImgStatus>OK</ImgStatus>
            <ImgType>APPL</ImgType>
          </Page>
          <Page>
            <PageNo>5</PageNo>
            <PartNo>889E-G-0317</PartNo>
            <LiveCheck>Select</LiveCheck>
            <ListBill />
            <Copy />
            <ImgFileName>2017060800482FS_0005.TIFF</ImgFileName>
            <ImgStatus>OK</ImgStatus>
            <ImgType>APPL</ImgType>
          </Page>
          <Page>
            <PageNo>6</PageNo>
            <PartNo>889E-G-0317</PartNo>
            <LiveCheck>Select</LiveCheck>
            <ListBill />
            <Copy />
            <ImgFileName>2017060800482FS_0006.TIFF</ImgFileName>
            <ImgStatus>OK</ImgStatus>
            <ImgType>APPL</ImgType>
          </Page>
        </Pages>
        <DocType>APPLICATION</DocType>
        <DocStatus>DONE</DocStatus>
        <Dcn>F17159_0036_001</Dcn>
        <DocUser1>2017060800482FS_0001.TIFF</DocUser1>
        <DocUser2>2017060800482FS_0006.TIFF</DocUser2>
        <DocUser3>\\usut-file2\Ihbase-V5\imgdata01\HOOSIER\FAX\F17159_0036_00</DocUser3>
        <DocUser4>USER4</DocUser4>
        <DocUser5>USER5</DocUser5>
      </DocRec>
      <DocRec>
        <DocId />
        <PacketNo>2017060800483FS</PacketNo>
        <KeyType>P</KeyType>
        <GRReferenceID />
        <CertificateNumber />
        <ReceivedDate>2017-06-08T15:16:07</ReceivedDate>
        <ScanDate>2017-06-08T15:16:07</ScanDate>
        <TotalPages>6</TotalPages>
        <SourceType>F</SourceType>
        <DocumentFileType>TIFF</DocumentFileType>
        <TimesRequested>1</TimesRequested>
        <GRNoOfPages>6</GRNoOfPages>
        <PrepOffice>FIRSTSOURCE</PrepOffice>
        <Clerk>FIRSTSOURCE</Clerk>
        <MultipleProcess>01</MultipleProcess>
        <PADocumentType />
        <PADocumentDescription />
        <MFPADocumentType />
        <MFPADocumentDescription />
        <AssociatedPacketIDs>
          <AssociatedPacketID>
            <Value />
          </AssociatedPacketID>
        </AssociatedPacketIDs>
        <Pages>
          <Page>
            <PageNo>1</PageNo>
            <PartNo />
            <LiveCheck>Select</LiveCheck>
            <ListBill />
            <Copy />
            <ImgFileName>2017060800483FS_0001.TIFF</ImgFileName>
            <ImgStatus>OK</ImgStatus>
            <ImgType>ISHEET</ImgType>
          </Page>
          <Page>
            <PageNo>2</PageNo>
            <PartNo />
            <LiveCheck>Select</LiveCheck>
            <ListBill />
            <Copy />
            <ImgFileName>2017060800483FS_0002.TIFF</ImgFileName>
            <ImgStatus>OK</ImgStatus>
            <ImgType>NULL</ImgType>
          </Page>
          <Page>
            <PageNo>3</PageNo>
            <PartNo>871E-G-0317</PartNo>
            <LiveCheck>Select</LiveCheck>
            <ListBill />
            <Copy />
            <ImgFileName>2017060800483FS_0003.TIFF</ImgFileName>
            <ImgStatus>OK</ImgStatus>
            <ImgType>APPL</ImgType>
          </Page>
          <Page>
            <PageNo>4</PageNo>
            <PartNo>871E-G-0317</PartNo>
            <LiveCheck>Select</LiveCheck>
            <ListBill />
            <Copy />
            <ImgFileName>2017060800483FS_0004.TIFF</ImgFileName>
            <ImgStatus>OK</ImgStatus>
            <ImgType>APPL</ImgType>
          </Page>
          <Page>
            <PageNo>5</PageNo>
            <PartNo>871E-G-0317</PartNo>
            <LiveCheck>Select</LiveCheck>
            <ListBill />
            <Copy />
            <ImgFileName>2017060800483FS_0005.TIFF</ImgFileName>
            <ImgStatus>OK</ImgStatus>
            <ImgType>APPL</ImgType>
          </Page>
          <Page>
            <PageNo>6</PageNo>
            <PartNo>871E-G-0317</PartNo>
            <LiveCheck>Select</LiveCheck>
            <ListBill />
            <Copy />
            <ImgFileName>2017060800483FS_0006.TIFF</ImgFileName>
            <ImgStatus>OK</ImgStatus>
            <ImgType>APPL</ImgType>
          </Page>
        </Pages>
        <DocType>APPLICATION</DocType>
        <DocStatus>DONE</DocStatus>
        <Dcn>F17159_0036_002</Dcn>
        <DocUser1>2017060800483FS_0001.TIFF</DocUser1>
        <DocUser2>2017060800483FS_0006.TIFF</DocUser2>
        <DocUser3>\\usut-file2\Ihbase-V5\imgdata01\HOOSIER\FAX\F17159_0036_00</DocUser3>
        <DocUser4>USER4</DocUser4>
        <DocUser5>USER5</DocUser5>
      </DocRec>
      <DocRec>
        <DocId />
        <PacketNo>2017060800484FS</PacketNo>
        <KeyType>P</KeyType>
        <GRReferenceID />
        <CertificateNumber />
        <ReceivedDate>2017-06-08T15:30:48</ReceivedDate>
        <ScanDate>2017-06-08T15:30:48</ScanDate>
        <TotalPages>6</TotalPages>
        <SourceType>F</SourceType>
        <DocumentFileType>TIFF</DocumentFileType>
        <TimesRequested>1</TimesRequested>
        <GRNoOfPages>6</GRNoOfPages>
        <PrepOffice>FIRSTSOURCE</PrepOffice>
        <Clerk>FIRSTSOURCE</Clerk>
        <MultipleProcess>01</MultipleProcess>
        <PADocumentType />
        <PADocumentDescription />
        <MFPADocumentType />
        <MFPADocumentDescription />
        <AssociatedPacketIDs>
          <AssociatedPacketID>
            <Value />
          </AssociatedPacketID>
        </AssociatedPacketIDs>
        <Pages>
          <Page>
            <PageNo>1</PageNo>
            <PartNo />
            <LiveCheck>Select</LiveCheck>
            <ListBill />
            <Copy />
            <ImgFileName>2017060800484FS_0001.TIFF</ImgFileName>
            <ImgStatus>OK</ImgStatus>
            <ImgType>ISHEET</ImgType>
          </Page>
          <Page>
            <PageNo>2</PageNo>
            <PartNo />
            <LiveCheck>Select</LiveCheck>
            <ListBill />
            <Copy />
            <ImgFileName>2017060800484FS_0002.TIFF</ImgFileName>
            <ImgStatus>OK</ImgStatus>
            <ImgType>NULL</ImgType>
          </Page>
          <Page>
            <PageNo>3</PageNo>
            <PartNo>889E-G-0516</PartNo>
            <LiveCheck>Select</LiveCheck>
            <ListBill />
            <Copy />
            <ImgFileName>2017060800484FS_0003.TIFF</ImgFileName>
            <ImgStatus>OK</ImgStatus>
            <ImgType>APPL</ImgType>
          </Page>
          <Page>
            <PageNo>4</PageNo>
            <PartNo>889E-G-0516</PartNo>
            <LiveCheck>Select</LiveCheck>
            <ListBill />
            <Copy />
            <ImgFileName>2017060800484FS_0004.TIFF</ImgFileName>
            <ImgStatus>OK</ImgStatus>
            <ImgType>APPL</ImgType>
          </Page>
          <Page>
            <PageNo>5</PageNo>
            <PartNo>889E-G-0516</PartNo>
            <LiveCheck>Select</LiveCheck>
            <ListBill />
            <Copy />
            <ImgFileName>2017060800484FS_0005.TIFF</ImgFileName>
            <ImgStatus>OK</ImgStatus>
            <ImgType>APPL</ImgType>
          </Page>
          <Page>
            <PageNo>6</PageNo>
            <PartNo>889E-G-0516</PartNo>
            <LiveCheck>Select</LiveCheck>
            <ListBill />
            <Copy />
            <ImgFileName>2017060800484FS_0006.TIFF</ImgFileName>
            <ImgStatus>OK</ImgStatus>
            <ImgType>APPL</ImgType>
          </Page>
        </Pages>
        <DocType>APPLICATION</DocType>
        <DocStatus>DONE</DocStatus>
        <Dcn>F17159_0036_003</Dcn>
        <DocUser1>2017060800484FS_0001.TIFF</DocUser1>
        <DocUser2>2017060800484FS_0006.TIFF</DocUser2>
        <DocUser3>\\usut-file2\Ihbase-V5\imgdata01\HOOSIER\FAX\F17159_0036_00</DocUser3>
        <DocUser4>USER4</DocUser4>
        <DocUser5>USER5</DocUser5>
      </DocRec>
      <DocRec>
        <DocId />
        <PacketNo>2017060800485FS</PacketNo>
        <KeyType>P</KeyType>
        <GRReferenceID />
        <CertificateNumber />
        <ReceivedDate>2017-06-08T15:32:10</ReceivedDate>
        <ScanDate>2017-06-08T15:32:10</ScanDate>
        <TotalPages>8</TotalPages>
        <SourceType>F</SourceType>
        <DocumentFileType>TIFF</DocumentFileType>
        <TimesRequested>1</TimesRequested>
        <GRNoOfPages>8</GRNoOfPages>
        <PrepOffice>FIRSTSOURCE</PrepOffice>
        <Clerk>FIRSTSOURCE</Clerk>
        <MultipleProcess>01</MultipleProcess>
        <PADocumentType />
        <PADocumentDescription />
        <MFPADocumentType />
        <MFPADocumentDescription />
        <AssociatedPacketIDs>
          <AssociatedPacketID>
            <Value />
          </AssociatedPacketID>
        </AssociatedPacketIDs>
        <Pages>
          <Page>
            <PageNo>1</PageNo>
            <PartNo />
            <LiveCheck>Select</LiveCheck>
            <ListBill />
            <Copy />
            <ImgFileName>2017060800485FS_0001.TIFF</ImgFileName>
            <ImgStatus>OK</ImgStatus>
            <ImgType>ISHEET</ImgType>
          </Page>
          <Page>
            <PageNo>2</PageNo>
            <PartNo />
            <LiveCheck>Select</LiveCheck>
            <ListBill />
            <Copy />
            <ImgFileName>2017060800485FS_0002.TIFF</ImgFileName>
            <ImgStatus>OK</ImgStatus>
            <ImgType>NULL</ImgType>
          </Page>
          <Page>
            <PageNo>3</PageNo>
            <PartNo>371F-G-0317</PartNo>
            <LiveCheck>Select</LiveCheck>
            <ListBill />
            <Copy />
            <ImgFileName>2017060800485FS_0003.TIFF</ImgFileName>
            <ImgStatus>OK</ImgStatus>
            <ImgType>APPL</ImgType>
          </Page>
          <Page>
            <PageNo>4</PageNo>
            <PartNo>371F-G-0317</PartNo>
            <LiveCheck>Select</LiveCheck>
            <ListBill />
            <Copy />
            <ImgFileName>2017060800485FS_0004.TIFF</ImgFileName>
            <ImgStatus>OK</ImgStatus>
            <ImgType>APPL</ImgType>
          </Page>
          <Page>
            <PageNo>5</PageNo>
            <PartNo>371F-G-0317</PartNo>
            <LiveCheck>Select</LiveCheck>
            <ListBill />
            <Copy />
            <ImgFileName>2017060800485FS_0005.TIFF</ImgFileName>
            <ImgStatus>OK</ImgStatus>
            <ImgType>APPL</ImgType>
          </Page>
          <Page>
            <PageNo>6</PageNo>
            <PartNo>371F-G-0317</PartNo>
            <LiveCheck>Select</LiveCheck>
            <ListBill />
            <Copy />
            <ImgFileName>2017060800485FS_0006.TIFF</ImgFileName>
            <ImgStatus>OK</ImgStatus>
            <ImgType>APPL</ImgType>
          </Page>
          <Page>
            <PageNo>7</PageNo>
            <PartNo>371F-G-0317</PartNo>
            <LiveCheck>Select</LiveCheck>
            <ListBill />
            <Copy />
            <ImgFileName>2017060800485FS_0007.TIFF</ImgFileName>
            <ImgStatus>OK</ImgStatus>
            <ImgType>APPL</ImgType>
          </Page>
          <Page>
            <PageNo>8</PageNo>
            <PartNo>371F-G-0317</PartNo>
            <LiveCheck>Select</LiveCheck>
            <ListBill />
            <Copy />
            <ImgFileName>2017060800485FS_0008.TIFF</ImgFileName>
            <ImgStatus>OK</ImgStatus>
            <ImgType>APPL</ImgType>
          </Page>
        </Pages>
        <DocType>APPLICATION</DocType>
        <DocStatus>DONE</DocStatus>
        <Dcn>F17159_0036_004</Dcn>
        <DocUser1>2017060800485FS_0001.TIFF</DocUser1>
        <DocUser2>2017060800485FS_0008.TIFF</DocUser2>
        <DocUser3>\\usut-file2\Ihbase-V5\imgdata01\HOOSIER\FAX\F17159_0036_00</DocUser3>
        <DocUser4>USER4</DocUser4>
        <DocUser5>USER5</DocUser5>
      </DocRec>
      <DocRec>
        <DocId />
        <PacketNo>2017060800486FS</PacketNo>
        <KeyType>P</KeyType>
        <GRReferenceID />
        <CertificateNumber />
        <ReceivedDate>2017-06-08T15:36:48</ReceivedDate>
        <ScanDate>2017-06-08T15:36:48</ScanDate>
        <TotalPages>8</TotalPages>
        <SourceType>F</SourceType>
        <DocumentFileType>TIFF</DocumentFileType>
        <TimesRequested>1</TimesRequested>
        <GRNoOfPages>8</GRNoOfPages>
        <PrepOffice>FIRSTSOURCE</PrepOffice>
        <Clerk>FIRSTSOURCE</Clerk>
        <MultipleProcess>01</MultipleProcess>
        <PADocumentType />
        <PADocumentDescription />
        <MFPADocumentType />
        <MFPADocumentDescription />
        <AssociatedPacketIDs>
          <AssociatedPacketID>
            <Value />
          </AssociatedPacketID>
        </AssociatedPacketIDs>
        <Pages>
          <Page>
            <PageNo>1</PageNo>
            <PartNo />
            <LiveCheck>Select</LiveCheck>
            <ListBill />
            <Copy />
            <ImgFileName>2017060800486FS_0001.TIFF</ImgFileName>
            <ImgStatus>OK</ImgStatus>
            <ImgType>ISHEET</ImgType>
          </Page>
          <Page>
            <PageNo>2</PageNo>
            <PartNo />
            <LiveCheck>Select</LiveCheck>
            <ListBill />
            <Copy />
            <ImgFileName>2017060800486FS_0002.TIFF</ImgFileName>
            <ImgStatus>OK</ImgStatus>
            <ImgType>NULL</ImgType>
          </Page>
          <Page>
            <PageNo>3</PageNo>
            <PartNo>378F-G-0317</PartNo>
            <LiveCheck>Select</LiveCheck>
            <ListBill />
            <Copy />
            <ImgFileName>2017060800486FS_0003.TIFF</ImgFileName>
            <ImgStatus>OK</ImgStatus>
            <ImgType>APPL</ImgType>
          </Page>
          <Page>
            <PageNo>4</PageNo>
            <PartNo>378F-G-0317</PartNo>
            <LiveCheck>Select</LiveCheck>
            <ListBill />
            <Copy />
            <ImgFileName>2017060800486FS_0004.TIFF</ImgFileName>
            <ImgStatus>OK</ImgStatus>
            <ImgType>APPL</ImgType>
          </Page>
          <Page>
            <PageNo>5</PageNo>
            <PartNo>378F-G-0317</PartNo>
            <LiveCheck>Select</LiveCheck>
            <ListBill />
            <Copy />
            <ImgFileName>2017060800486FS_0005.TIFF</ImgFileName>
            <ImgStatus>OK</ImgStatus>
            <ImgType>APPL</ImgType>
          </Page>
          <Page>
            <PageNo>6</PageNo>
            <PartNo>378F-G-0317</PartNo>
            <LiveCheck>Select</LiveCheck>
            <ListBill />
            <Copy />
            <ImgFileName>2017060800486FS_0006.TIFF</ImgFileName>
            <ImgStatus>OK</ImgStatus>
            <ImgType>APPL</ImgType>
          </Page>
          <Page>
            <PageNo>7</PageNo>
            <PartNo>378F-G-0317</PartNo>
            <LiveCheck>Select</LiveCheck>
            <ListBill />
            <Copy />
            <ImgFileName>2017060800486FS_0007.TIFF</ImgFileName>
            <ImgStatus>OK</ImgStatus>
            <ImgType>APPL</ImgType>
          </Page>
          <Page>
            <PageNo>8</PageNo>
            <PartNo>378F-G-0317</PartNo>
            <LiveCheck>Select</LiveCheck>
            <ListBill />
            <Copy />
            <ImgFileName>2017060800486FS_0008.TIFF</ImgFileName>
            <ImgStatus>OK</ImgStatus>
            <ImgType>APPL</ImgType>
          </Page>
        </Pages>
        <DocType>APPLICATION</DocType>
        <DocStatus>DONE</DocStatus>
        <Dcn>F17159_0037_001</Dcn>
        <DocUser1>2017060800486FS_0001.TIFF</DocUser1>
        <DocUser2>2017060800486FS_0008.TIFF</DocUser2>
        <DocUser3>\\usut-file2\Ihbase-V5\imgdata01\HOOSIER\FAX\F17159_0037_00</DocUser3>
        <DocUser4>USER4</DocUser4>
        <DocUser5>USER5</DocUser5>
      </DocRec>
      <DocRec>
        <DocId />
        <PacketNo>2017060800487FS</PacketNo>
        <KeyType>P</KeyType>
        <GRReferenceID />
        <CertificateNumber />
        <ReceivedDate>2017-06-08T15:53:35</ReceivedDate>
        <ScanDate>2017-06-08T15:53:35</ScanDate>
        <TotalPages>6</TotalPages>
        <SourceType>F</SourceType>
        <DocumentFileType>TIFF</DocumentFileType>
        <TimesRequested>1</TimesRequested>
        <GRNoOfPages>6</GRNoOfPages>
        <PrepOffice>FIRSTSOURCE</PrepOffice>
        <Clerk>FIRSTSOURCE</Clerk>
        <MultipleProcess>01</MultipleProcess>
        <PADocumentType />
        <PADocumentDescription />
        <MFPADocumentType />
        <MFPADocumentDescription />
        <AssociatedPacketIDs>
          <AssociatedPacketID>
            <Value />
          </AssociatedPacketID>
        </AssociatedPacketIDs>
        <Pages>
          <Page>
            <PageNo>1</PageNo>
            <PartNo />
            <LiveCheck>Select</LiveCheck>
            <ListBill />
            <Copy />
            <ImgFileName>2017060800487FS_0001.TIFF</ImgFileName>
            <ImgStatus>OK</ImgStatus>
            <ImgType>ISHEET</ImgType>
          </Page>
          <Page>
            <PageNo>2</PageNo>
            <PartNo />
            <LiveCheck>Select</LiveCheck>
            <ListBill />
            <Copy />
            <ImgFileName>2017060800487FS_0002.TIFF</ImgFileName>
            <ImgStatus>OK</ImgStatus>
            <ImgType>NULL</ImgType>
          </Page>
          <Page>
            <PageNo>3</PageNo>
            <PartNo>883E-G-0317</PartNo>
            <LiveCheck>Select</LiveCheck>
            <ListBill />
            <Copy />
            <ImgFileName>2017060800487FS_0003.TIFF</ImgFileName>
            <ImgStatus>OK</ImgStatus>
            <ImgType>APPL</ImgType>
          </Page>
          <Page>
            <PageNo>4</PageNo>
            <PartNo>883E-G-0317</PartNo>
            <LiveCheck>Select</LiveCheck>
            <ListBill />
            <Copy />
            <ImgFileName>2017060800487FS_0004.TIFF</ImgFileName>
            <ImgStatus>OK</ImgStatus>
            <ImgType>APPL</ImgType>
          </Page>
          <Page>
            <PageNo>5</PageNo>
            <PartNo>883E-G-0317</PartNo>
            <LiveCheck>Select</LiveCheck>
            <ListBill />
            <Copy />
            <ImgFileName>2017060800487FS_0005.TIFF</ImgFileName>
            <ImgStatus>OK</ImgStatus>
            <ImgType>APPL</ImgType>
          </Page>
          <Page>
            <PageNo>6</PageNo>
            <PartNo>883E-G-0317</PartNo>
            <LiveCheck>Select</LiveCheck>
            <ListBill />
            <Copy />
            <ImgFileName>2017060800487FS_0006.TIFF</ImgFileName>
            <ImgStatus>OK</ImgStatus>
            <ImgType>APPL</ImgType>
          </Page>
        </Pages>
        <DocType>APPLICATION</DocType>
        <DocStatus>DONE</DocStatus>
        <Dcn>F17159_0037_002</Dcn>
        <DocUser1>2017060800487FS_0001.TIFF</DocUser1>
        <DocUser2>2017060800487FS_0006.TIFF</DocUser2>
        <DocUser3>\\usut-file2\Ihbase-V5\imgdata01\HOOSIER\FAX\F17159_0037_00</DocUser3>
        <DocUser4>USER4</DocUser4>
        <DocUser5>USER5</DocUser5>
      </DocRec>
    </Docs>
  </BtchDet>
</BtchCntl>