<?xml version="1.0"?>
<BtchCntl>
  <BtchHdr>
    <CustId>HOOSIER</CustId>
    <ProjId>NB</ProjId>
    <ScanBtchId>GRNB2017050200002</ScanBtchId>
    <SubmissionBtchId>GRNB2017050200002</SubmissionBtchId>
    <BtchScanType>FRESH</BtchScanType>
    <NumDocs>8</NumDocs>
    <NumBill>8</NumBill>
    <NumImgs>25</NumImgs>
    <TurnAround>24</TurnAround>
    <ScanDate>17122</ScanDate>
    <ScanBtchZipCreateDate>2017-05-03T05:57:36.149163-06:00</ScanBtchZipCreateDate>
    <ReceiveDate>17122</ReceiveDate>
    <KeyOrg>FIRSTSOURCE</KeyOrg>
    <ScanOrg>FIRSTSOURCE</ScanOrg>
    <Scanner>1</Scanner>
    <BtchUser1 />
    <BtchUser2 />
    <BtchUser3 />
    <BtchUser4 />
    <BtchUser5 />
  </BtchHdr>
  <BtchDet>
    <Docs>
      <DocRec>
        <DocId />
        <PacketNo>2017050200001FS</PacketNo>
        <KeyType>P</KeyType>
        <GRReferenceID />
        <CertificateNumber />
        <ReceivedDate>2017-05-02T02:00:00</ReceivedDate>
        <ScanDate>2017-05-02T02:00:00</ScanDate>
        <TotalPages>3</TotalPages>
        <SourceType>P</SourceType>
        <DocumentFileType>TIFF</DocumentFileType>
        <TimesRequested>1</TimesRequested>
        <GRNoOfPages>3</GRNoOfPages>
        <PrepOffice>FIRSTSOURCE</PrepOffice>
        <Clerk>FIRSTSOURCE</Clerk>
        <MultipleProcess>01</MultipleProcess>
        <PADocumentType />
        <PADocumentDescription />
        <MFPADocumentType />
        <MFPADocumentDescription />
        <AssociatedPacketIDs>
          <AssociatedPacketID>
            <Value />
          </AssociatedPacketID>
        </AssociatedPacketIDs>
        <Pages>
          <Page>
            <PageNo>1</PageNo>
            <PartNo />
            <LiveCheck>Select</LiveCheck>
            <ListBill />
            <Copy />
            <ImgFileName>2017050200001FS_0001.TIFF</ImgFileName>
            <ImgStatus>OK</ImgStatus>
            <ImgType>ISHEET</ImgType>
          </Page>
          <Page>
            <PageNo>2</PageNo>
            <PartNo>230F-UHA-1216</PartNo>
            <LiveCheck>Select</LiveCheck>
            <ListBill />
            <Copy />
            <ImgFileName>2017050200001FS_0002.TIFF</ImgFileName>
            <ImgStatus>OK</ImgStatus>
            <ImgType>APPL</ImgType>
          </Page>
          <Page>
            <PageNo>3</PageNo>
            <PartNo>230F-UHA-1216</PartNo>
            <LiveCheck>Select</LiveCheck>
            <ListBill />
            <Copy />
            <ImgFileName>2017050200001FS_0003.TIFF</ImgFileName>
            <ImgStatus>OK</ImgStatus>
            <ImgType>APPL</ImgType>
          </Page>
        </Pages>
        <DocType>APPLICATION</DocType>
        <DocStatus>DONE</DocStatus>
        <Dcn>F17122_0002_003</Dcn>
        <DocUser1>2017050200001FS_0001.TIFF</DocUser1>
        <DocUser2>2017050200001FS_0003.TIFF</DocUser2>
        <DocUser3>\\usut-app5\ihbase-V5\imgdata01\HOOSIER\XPNB\F17122_0002_00</DocUser3>
        <DocUser4>USER4</DocUser4>
        <DocUser5>USER5</DocUser5>
      </DocRec>
      <DocRec>
        <DocId />
        <PacketNo>2017050200002FS</PacketNo>
        <KeyType>P</KeyType>
        <GRReferenceID />
        <CertificateNumber />
        <ReceivedDate>2017-05-02T02:00:00</ReceivedDate>
        <ScanDate>2017-05-02T02:00:00</ScanDate>
        <TotalPages>2</TotalPages>
        <SourceType>P</SourceType>
        <DocumentFileType>TIFF</DocumentFileType>
        <TimesRequested>1</TimesRequested>
        <GRNoOfPages>2</GRNoOfPages>
        <PrepOffice>FIRSTSOURCE</PrepOffice>
        <Clerk>FIRSTSOURCE</Clerk>
        <MultipleProcess>01</MultipleProcess>
        <PADocumentType />
        <PADocumentDescription />
        <MFPADocumentType />
        <MFPADocumentDescription />
        <AssociatedPacketIDs>
          <AssociatedPacketID>
            <Value />
          </AssociatedPacketID>
        </AssociatedPacketIDs>
        <Pages>
          <Page>
            <PageNo>1</PageNo>
            <PartNo />
            <LiveCheck>Select</LiveCheck>
            <ListBill />
            <Copy />
            <ImgFileName>2017050200002FS_0001.TIFF</ImgFileName>
            <ImgStatus>OK</ImgStatus>
            <ImgType>ISHEET</ImgType>
          </Page>
          <Page>
            <PageNo>2</PageNo>
            <PartNo>230F-UHA-1216</PartNo>
            <LiveCheck>Select</LiveCheck>
            <ListBill />
            <Copy />
            <ImgFileName>2017050200002FS_0002.TIFF</ImgFileName>
            <ImgStatus>OK</ImgStatus>
            <ImgType>APPL</ImgType>
          </Page>
        </Pages>
        <DocType>APPLICATION</DocType>
        <DocStatus>DONE</DocStatus>
        <Dcn>F17122_0002_004</Dcn>
        <DocUser1>2017050200002FS_0001.TIFF</DocUser1>
        <DocUser2>2017050200002FS_0002.TIFF</DocUser2>
        <DocUser3>\\usut-app5\ihbase-V5\imgdata01\HOOSIER\XPNB\F17122_0002_00</DocUser3>
        <DocUser4>USER4</DocUser4>
        <DocUser5>USER5</DocUser5>
      </DocRec>
      <DocRec>
        <DocId />
        <PacketNo>2017050200003FS</PacketNo>
        <KeyType>P</KeyType>
        <GRReferenceID />
        <CertificateNumber />
        <ReceivedDate>2017-05-02T02:00:00</ReceivedDate>
        <ScanDate>2017-05-02T02:00:00</ScanDate>
        <TotalPages>6</TotalPages>
        <SourceType>P</SourceType>
        <DocumentFileType>TIFF</DocumentFileType>
        <TimesRequested>1</TimesRequested>
        <GRNoOfPages>6</GRNoOfPages>
        <PrepOffice>FIRSTSOURCE</PrepOffice>
        <Clerk>FIRSTSOURCE</Clerk>
        <MultipleProcess>01</MultipleProcess>
        <PADocumentType />
        <PADocumentDescription />
        <MFPADocumentType />
        <MFPADocumentDescription />
        <AssociatedPacketIDs>
          <AssociatedPacketID>
            <Value />
          </AssociatedPacketID>
        </AssociatedPacketIDs>
        <Pages>
          <Page>
            <PageNo>1</PageNo>
            <PartNo />
            <LiveCheck>Select</LiveCheck>
            <ListBill />
            <Copy />
            <ImgFileName>2017050200003FS_0001.TIFF</ImgFileName>
            <ImgStatus>OK</ImgStatus>
            <ImgType>ISHEET</ImgType>
          </Page>
          <Page>
            <PageNo>2</PageNo>
            <PartNo>995E-G-0816</PartNo>
            <LiveCheck>Select</LiveCheck>
            <ListBill />
            <Copy />
            <ImgFileName>2017050200003FS_0002.TIFF</ImgFileName>
            <ImgStatus>OK</ImgStatus>
            <ImgType>APPL</ImgType>
          </Page>
          <Page>
            <PageNo>3</PageNo>
            <PartNo>995E-G-0816</PartNo>
            <LiveCheck>Select</LiveCheck>
            <ListBill />
            <Copy />
            <ImgFileName>2017050200003FS_0003.TIFF</ImgFileName>
            <ImgStatus>OK</ImgStatus>
            <ImgType>APPL</ImgType>
          </Page>
          <Page>
            <PageNo>4</PageNo>
            <PartNo>995E-G-0816</PartNo>
            <LiveCheck>Select</LiveCheck>
            <ListBill />
            <Copy />
            <ImgFileName>2017050200003FS_0004.TIFF</ImgFileName>
            <ImgStatus>OK</ImgStatus>
            <ImgType>APPL</ImgType>
          </Page>
          <Page>
            <PageNo>5</PageNo>
            <PartNo>995E-G-0816</PartNo>
            <LiveCheck>Select</LiveCheck>
            <ListBill />
            <Copy />
            <ImgFileName>2017050200003FS_0005.TIFF</ImgFileName>
            <ImgStatus>OK</ImgStatus>
            <ImgType>APPL</ImgType>
          </Page>
          <Page>
            <PageNo>6</PageNo>
            <PartNo>995E-G-0816</PartNo>
            <LiveCheck>Select</LiveCheck>
            <ListBill />
            <Copy />
            <ImgFileName>2017050200003FS_0006.TIFF</ImgFileName>
            <ImgStatus>OK</ImgStatus>
            <ImgType>APPL</ImgType>
          </Page>
        </Pages>
        <DocType>APPLICATION</DocType>
        <DocStatus>DONE</DocStatus>
        <Dcn>F17122_0002_005</Dcn>
        <DocUser1>2017050200003FS_0001.TIFF</DocUser1>
        <DocUser2>2017050200003FS_0006.TIFF</DocUser2>
        <DocUser3>\\usut-app5\ihbase-V5\imgdata01\HOOSIER\XPNB\F17122_0002_00</DocUser3>
        <DocUser4>USER4</DocUser4>
        <DocUser5>USER5</DocUser5>
      </DocRec>
      <DocRec>
        <DocId />
        <PacketNo>2017050200004FS</PacketNo>
        <KeyType>P</KeyType>
        <GRReferenceID>440000112</GRReferenceID>
        <CertificateNumber />
        <ReceivedDate>2017-05-02T02:00:00</ReceivedDate>
        <ScanDate>2017-05-02T02:00:00</ScanDate>
        <TotalPages>4</TotalPages>
        <SourceType>P</SourceType>
        <DocumentFileType>TIFF</DocumentFileType>
        <TimesRequested>1</TimesRequested>
        <GRNoOfPages>4</GRNoOfPages>
        <PrepOffice>FIRSTSOURCE</PrepOffice>
        <Clerk>FIRSTSOURCE</Clerk>
        <MultipleProcess>01</MultipleProcess>
        <PADocumentType />
        <PADocumentDescription />
        <MFPADocumentType />
        <MFPADocumentDescription />
        <AssociatedPacketIDs>
          <AssociatedPacketID>
            <Value />
          </AssociatedPacketID>
        </AssociatedPacketIDs>
        <Pages>
          <Page>
            <PageNo>1</PageNo>
            <PartNo />
            <LiveCheck>Select</LiveCheck>
            <ListBill />
            <Copy />
            <ImgFileName>2017050200004FS_0001.TIFF</ImgFileName>
            <ImgStatus>OK</ImgStatus>
            <ImgType>ISHEET</ImgType>
          </Page>
          <Page>
            <PageNo>2</PageNo>
            <PartNo />
            <LiveCheck>Select</LiveCheck>
            <ListBill />
            <Copy />
            <ImgFileName>2017050200004FS_0002.TIFF</ImgFileName>
            <ImgStatus>OK</ImgStatus>
            <ImgType>UNKNOWN</ImgType>
          </Page>
          <Page>
            <PageNo>3</PageNo>
            <PartNo />
            <LiveCheck>Select</LiveCheck>
            <ListBill />
            <Copy />
            <ImgFileName>2017050200004FS_0003.TIFF</ImgFileName>
            <ImgStatus>OK</ImgStatus>
            <ImgType>UNKNOWN</ImgType>
          </Page>
          <Page>
            <PageNo>4</PageNo>
            <PartNo />
            <LiveCheck>Select</LiveCheck>
            <ListBill />
            <Copy />
            <ImgFileName>2017050200004FS_0004.TIFF</ImgFileName>
            <ImgStatus>OK</ImgStatus>
            <ImgType>UNKNOWN</ImgType>
          </Page>
        </Pages>
        <DocType>CORRESPONDENCE</DocType>
        <DocStatus>DONE</DocStatus>
        <Dcn>F17122_0002_006</Dcn>
        <DocUser1>2017050200004FS_0001.TIFF</DocUser1>
        <DocUser2>2017050200004FS_0004.TIFF</DocUser2>
        <DocUser3>\\usut-app5\ihbase-V5\imgdata01\HOOSIER\XPNB\F17122_0002_00</DocUser3>
        <DocUser4>USER4</DocUser4>
        <DocUser5>USER5</DocUser5>
      </DocRec>
      <DocRec>
        <DocId />
        <PacketNo>2017050200005FS</PacketNo>
        <KeyType>P</KeyType>
        <GRReferenceID>080054657</GRReferenceID>
        <CertificateNumber />
        <ReceivedDate>2017-05-02T02:00:00</ReceivedDate>
        <ScanDate>2017-05-02T02:00:00</ScanDate>
        <TotalPages>2</TotalPages>
        <SourceType>P</SourceType>
        <DocumentFileType>TIFF</DocumentFileType>
        <TimesRequested>1</TimesRequested>
        <GRNoOfPages>2</GRNoOfPages>
        <PrepOffice>FIRSTSOURCE</PrepOffice>
        <Clerk>FIRSTSOURCE</Clerk>
        <MultipleProcess>01</MultipleProcess>
        <PADocumentType />
        <PADocumentDescription />
        <MFPADocumentType />
        <MFPADocumentDescription />
        <AssociatedPacketIDs>
          <AssociatedPacketID>
            <Value />
          </AssociatedPacketID>
        </AssociatedPacketIDs>
        <Pages>
          <Page>
            <PageNo>1</PageNo>
            <PartNo />
            <LiveCheck>Select</LiveCheck>
            <ListBill />
            <Copy />
            <ImgFileName>2017050200005FS_0001.TIFF</ImgFileName>
            <ImgStatus>OK</ImgStatus>
            <ImgType>ISHEET</ImgType>
          </Page>
          <Page>
            <PageNo>2</PageNo>
            <PartNo />
            <LiveCheck>Select</LiveCheck>
            <ListBill />
            <Copy />
            <ImgFileName>2017050200005FS_0002.TIFF</ImgFileName>
            <ImgStatus>OK</ImgStatus>
            <ImgType>UNKNOWN</ImgType>
          </Page>
        </Pages>
        <DocType>CORRESPONDENCE</DocType>
        <DocStatus>DONE</DocStatus>
        <Dcn>F17122_0002_007</Dcn>
        <DocUser1>2017050200005FS_0001.TIFF</DocUser1>
        <DocUser2>2017050200005FS_0002.TIFF</DocUser2>
        <DocUser3>\\usut-app5\ihbase-V5\imgdata01\HOOSIER\XPNB\F17122_0002_00</DocUser3>
        <DocUser4>USER4</DocUser4>
        <DocUser5>USER5</DocUser5>
      </DocRec>
      <DocRec>
        <DocId />
        <PacketNo>2017050200006FS</PacketNo>
        <KeyType>P</KeyType>
        <GRReferenceID>440000115</GRReferenceID>
        <CertificateNumber />
        <ReceivedDate>2017-05-02T02:00:00</ReceivedDate>
        <ScanDate>2017-05-02T02:00:00</ScanDate>
        <TotalPages>3</TotalPages>
        <SourceType>P</SourceType>
        <DocumentFileType>TIFF</DocumentFileType>
        <TimesRequested>1</TimesRequested>
        <GRNoOfPages>3</GRNoOfPages>
        <PrepOffice>FIRSTSOURCE</PrepOffice>
        <Clerk>FIRSTSOURCE</Clerk>
        <MultipleProcess>01</MultipleProcess>
        <PADocumentType />
        <PADocumentDescription />
        <MFPADocumentType />
        <MFPADocumentDescription />
        <AssociatedPacketIDs>
          <AssociatedPacketID>
            <Value />
          </AssociatedPacketID>
        </AssociatedPacketIDs>
        <Pages>
          <Page>
            <PageNo>1</PageNo>
            <PartNo />
            <LiveCheck>Select</LiveCheck>
            <ListBill />
            <Copy />
            <ImgFileName>2017050200006FS_0001.TIFF</ImgFileName>
            <ImgStatus>OK</ImgStatus>
            <ImgType>ISHEET</ImgType>
          </Page>
          <Page>
            <PageNo>2</PageNo>
            <PartNo />
            <LiveCheck>Select</LiveCheck>
            <ListBill />
            <Copy />
            <ImgFileName>2017050200006FS_0002.TIFF</ImgFileName>
            <ImgStatus>OK</ImgStatus>
            <ImgType>UNKNOWN</ImgType>
          </Page>
          <Page>
            <PageNo>3</PageNo>
            <PartNo />
            <LiveCheck>Select</LiveCheck>
            <ListBill />
            <Copy />
            <ImgFileName>2017050200006FS_0003.TIFF</ImgFileName>
            <ImgStatus>OK</ImgStatus>
            <ImgType>UNKNOWN</ImgType>
          </Page>
        </Pages>
        <DocType>CORRESPONDENCE</DocType>
        <DocStatus>DONE</DocStatus>
        <Dcn>F17122_0002_008</Dcn>
        <DocUser1>2017050200006FS_0001.TIFF</DocUser1>
        <DocUser2>2017050200006FS_0003.TIFF</DocUser2>
        <DocUser3>\\usut-app5\ihbase-V5\imgdata01\HOOSIER\XPNB\F17122_0002_00</DocUser3>
        <DocUser4>USER4</DocUser4>
        <DocUser5>USER5</DocUser5>
      </DocRec>
      <DocRec>
        <DocId />
        <PacketNo>2017050200007FS</PacketNo>
        <KeyType>P</KeyType>
        <GRReferenceID>440000116</GRReferenceID>
        <CertificateNumber />
        <ReceivedDate>2017-05-02T02:00:00</ReceivedDate>
        <ScanDate>2017-05-02T02:00:00</ScanDate>
        <TotalPages>2</TotalPages>
        <SourceType>P</SourceType>
        <DocumentFileType>TIFF</DocumentFileType>
        <TimesRequested>1</TimesRequested>
        <GRNoOfPages>2</GRNoOfPages>
        <PrepOffice>FIRSTSOURCE</PrepOffice>
        <Clerk>FIRSTSOURCE</Clerk>
        <MultipleProcess>01</MultipleProcess>
        <PADocumentType />
        <PADocumentDescription />
        <MFPADocumentType />
        <MFPADocumentDescription />
        <AssociatedPacketIDs>
          <AssociatedPacketID>
            <Value />
          </AssociatedPacketID>
        </AssociatedPacketIDs>
        <Pages>
          <Page>
            <PageNo>1</PageNo>
            <PartNo />
            <LiveCheck>Select</LiveCheck>
            <ListBill />
            <Copy />
            <ImgFileName>2017050200007FS_0001.TIFF</ImgFileName>
            <ImgStatus>OK</ImgStatus>
            <ImgType>ISHEET</ImgType>
          </Page>
          <Page>
            <PageNo>2</PageNo>
            <PartNo />
            <LiveCheck>Select</LiveCheck>
            <ListBill />
            <Copy />
            <ImgFileName>2017050200007FS_0002.TIFF</ImgFileName>
            <ImgStatus>OK</ImgStatus>
            <ImgType>UNKNOWN</ImgType>
          </Page>
        </Pages>
        <DocType>CORRESPONDENCE</DocType>
        <DocStatus>DONE</DocStatus>
        <Dcn>F17122_0003_003</Dcn>
        <DocUser1>2017050200007FS_0001.TIFF</DocUser1>
        <DocUser2>2017050200007FS_0002.TIFF</DocUser2>
        <DocUser3>\\usut-app5\ihbase-V5\imgdata01\HOOSIER\XPNB\F17122_0003_00</DocUser3>
        <DocUser4>USER4</DocUser4>
        <DocUser5>USER5</DocUser5>
      </DocRec>
      <DocRec>
        <DocId />
        <PacketNo>2017050200008FS</PacketNo>
        <KeyType>P</KeyType>
        <GRReferenceID />
        <CertificateNumber />
        <ReceivedDate>2017-05-02T02:00:00</ReceivedDate>
        <ScanDate>2017-05-02T02:00:00</ScanDate>
        <TotalPages>3</TotalPages>
        <SourceType>P</SourceType>
        <DocumentFileType>TIFF</DocumentFileType>
        <TimesRequested>1</TimesRequested>
        <GRNoOfPages>3</GRNoOfPages>
        <PrepOffice>FIRSTSOURCE</PrepOffice>
        <Clerk>FIRSTSOURCE</Clerk>
        <MultipleProcess>01</MultipleProcess>
        <PADocumentType />
        <PADocumentDescription />
        <MFPADocumentType />
        <MFPADocumentDescription />
        <AssociatedPacketIDs>
          <AssociatedPacketID>
            <Value />
          </AssociatedPacketID>
        </AssociatedPacketIDs>
        <Pages>
          <Page>
            <PageNo>1</PageNo>
            <PartNo />
            <LiveCheck>Select</LiveCheck>
            <ListBill />
            <Copy />
            <ImgFileName>2017050200008FS_0001.TIFF</ImgFileName>
            <ImgStatus>OK</ImgStatus>
            <ImgType>ISHEET</ImgType>
          </Page>
          <Page>
            <PageNo>2</PageNo>
            <PartNo>230F-UHA-1216</PartNo>
            <LiveCheck>Select</LiveCheck>
            <ListBill />
            <Copy />
            <ImgFileName>2017050200008FS_0002.TIFF</ImgFileName>
            <ImgStatus>OK</ImgStatus>
            <ImgType>APPL</ImgType>
          </Page>
          <Page>
            <PageNo>3</PageNo>
            <PartNo>230F-UHA-1216</PartNo>
            <LiveCheck>Select</LiveCheck>
            <ListBill />
            <Copy />
            <ImgFileName>2017050200008FS_0003.TIFF</ImgFileName>
            <ImgStatus>OK</ImgStatus>
            <ImgType>APPL</ImgType>
          </Page>
        </Pages>
        <DocType>APPLICATION</DocType>
        <DocStatus>DONE</DocStatus>
        <Dcn>F17122_0004_003</Dcn>
        <DocUser1>2017050200008FS_0001.TIFF</DocUser1>
        <DocUser2>2017050200008FS_0003.TIFF</DocUser2>
        <DocUser3>\\usut-app5\ihbase-V5\imgdata01\HOOSIER\XPNB\F17122_0004_00</DocUser3>
        <DocUser4>USER4</DocUser4>
        <DocUser5>USER5</DocUser5>
      </DocRec>
    </Docs>
  </BtchDet>
</BtchCntl>